name,nid,freebase_id,country_of_origin,region,source_of_milk,category,pasteurized,aging_time,certification,texture,farm_company,cheesemaker,rennet,affineur,rind
Bowland cheese,19058,/m/0464698,England,,,"cheese, dairy",,,,,,,,,
Domiati,19059,/m/0463kh3,,,,"cheese, dairy",,,,,,,,,
Moellon Beloeil,19060,/m/04dm3xf,,,,"cheese, dairy",,,,,,,,,
Paraguay Cheese,19061,/m/04f29ft,,,Cow,"Cow milk, cheese, dairy",,,,,,,,,
Exquis,19062,/m/04dm3vw,,,,"cheese, dairy",,,,,,,,,
Stichelton,19063,/m/04n6rb1,,,,"cheese, dairy",,,,,,,,,
Trappista cheese,19064,/m/09kkb1,,,,"cheese, dairy",,,,,,,,,
Yarg,19065,/m/09l1n5,England,,Cow,"Cow milk, cheese, dairy",,,,,,,,,
Jalapeño cheese,19066,/m/0db__v,,,,"cheese, dairy",,,,,,,,,
Montasio,3777,/m/04cxk82,Italy,,,"cheese, dairy",,,,,,,,,
Wookie cheese,19068,/m/05plzc,,,,"cheese, dairy",,,,,,,,,
Cantal,19069,/m/05h_hd,France,,Cow,"Cow milk, cheese, dairy",,,,,,,,,
Naskavni,19070,/m/01xxs42,,,,"cheese, dairy",,,,,,,,,
Pimento cheese,19071,/m/0f415v,,,,"cheese, dairy",,,,,,,,,
Manouri cheese,19072,/m/02vpdcc,Greece,,"Domestic sheep,Domestic goat","Domestic sheep,Domestic goat milk, cheese, dairy",,,,,,,,,
Wensleydale,19073,/m/0hztz,England,,"Domestic sheep,Cow","Domestic sheep,Cow milk, cheese, dairy",,,,,,,,,
Handkäse,19074,/m/0bb__4,Germany,,Cow,"Cow milk, cheese, dairy",,,,,,,,,
Bleu d'Auvergne,19075,/m/05zxlr,France,Auvergne,Cow,"Cow milk, cheese, dairy",yes,6 months,,semi-hard,,,traditional,Jean d'Alos,foil wrapped
Chechil,19076,/m/05s_r6t,,,,"cheese, dairy",,,,,,,,,
Crowdie,19077,/m/0b69hk,Scotland,Highland,Cow,"Cow milk, cheese, dairy",,,,,,,,,
Rodoric cheese,19078,/m/09yvgk,Belgium,,Domestic goat,"Domestic goat milk, cheese, dairy",,,,,,,,,
Criollo cheese,19079,/m/0db_yp,Mexico,,,"cheese, dairy",,,,,,,,,
Raejuusto,19080,/m/0376cs,Finland,,Cow,"Cow milk, cheese, dairy",,,,,,,,,
Ricotta cheese,19081,/m/034n3h,Italy,,"Domestic sheep,Cow","Domestic sheep,Cow milk, cheese, dairy",,,,Soft,,,,,
Panela cheese,19082,/m/0dc00j,,,,"cheese, dairy",,,,,,,,,
Remedou cheese,19083,/m/026zww5,Belgium,,Cow,"Cow milk, cheese, dairy",,,,,,,,,
Swiss cheese,19084,/m/06q4_,"United States of America,Switzerland",,Cow,"Cow milk, cheese, dairy",,,,,,,,,
Havarti,8519,/m/03xb9f,Denmark,,Cow,"Cow milk, cheese, dairy",,,,,,,,,
Danish Blue cheese,19086,/m/068qpk,Denmark,,Cow,"Cow milk, cheese, dairy",,,,,,,,,
Velveeta,19087,/m/04r3t2,United States of America,,,"cheese, dairy",,,,,,,,,
Cotswold cheese,19088,/m/0bxcqc,,,,"cheese, dairy",,,,,,,,,
Brocciu,19089,/m/0cnbvd,France,,Domestic sheep,"Domestic sheep milk, cheese, dairy",,,,,,,,,
Oaxaca cheese,19090,/m/064y0m,Mexico,,Cow,"Cow milk, cheese, dairy",,,,,,,,,
Cashel Blue cheese,19091,/m/08q3gf,Republic of Ireland,,Cow,"Cow milk, cheese, dairy",,,,,,,,,
Whey cheese,19092,/m/0416x_r,,,,"cheese, dairy",,,,,,,,,
Yunnan Cheese,19093,/m/09gxvs,,,Domestic goat,"Domestic goat milk, cheese, dairy",,,,,,,,,
Époisses de Bourgogne,19094,/m/097psp,France,Époisses,Cow,"Cow milk, cheese, dairy",,,,washed-rind,,,,,
Queso Panela,19095,/m/02z1smb,,,,"cheese, dairy",,,,,,,,,
Panquehue,19096,/m/02719ng,,,Cow,"Cow milk, cheese, dairy",,,,,,,,,
Ackawi,19097,/m/08pzz2,,,Cow,"Cow milk, cheese, dairy",,,,,,,,,
Saga cheese,19098,/m/0dk3_w,Denmark,,Cow,"Cow milk, cheese, dairy",,,,,,,,,
Ermite,19099,/m/05zhjtv,Canada,,,"cheese, dairy",,,,,,,,,
The Laughing Cow,19100,/m/06rm5b,"France,United States of America",,,"cheese, dairy",,,,,,,,,
Herrgårdsost,19101,/m/0c6qn4,Sweden,,Cow,"Cow milk, cheese, dairy",,,,,,,,,
Port-Salut cheese,19102,/m/0c4tf,France,,Cow,"Cow milk, cheese, dairy",,,,,,,,,
Churpee,19103,/m/0byv7q,,,Cow,"Cow milk, cheese, dairy",,,,,,,,,
Castelrosso,7071,/m/0278_js,Italy,Piedmont,Cow,"Cow milk, cheese, dairy",,,,,,,,,
Kaškaval,19105,/m/02b795,"Romania,Bulgaria",,Domestic sheep,"Domestic sheep milk, cheese, dairy",,,,,,,,,
Provoleta,19106,/m/0fgqc8,Argentina,,,"cheese, dairy",,,,,,,,,
Salmon Cream Cheese,19107,/m/0bbdf8,,,,"cheese, dairy",,,,,,,,,
Kefalotyri cheese,19108,/m/08thd9,Greece,,"Domestic sheep,Domestic goat","Domestic sheep,Domestic goat milk, cheese, dairy",,,,,,,,,
Cabécou,19109,/m/08nskx,France,,Domestic goat,"Domestic goat milk, cheese, dairy",,,,,,,,,
Fourme au Sauternes,19110,/m/04dm3w5,,,,"cheese, dairy",,,,,,,,,
Abbaye de Tamié,19111,/m/03gs2p6,France,,,"cheese, dairy",,,,,,,,,
Qurt,19112,/m/05b0knh,,,,"cheese, dairy",,,,,,,,,
Baby Swiss Cheese,19113,/m/05m_k3t,United States of America,,,"cheese, dairy",,,,,,,,,
Pleasant Ridge Reserve,19114,/m/05btrvc,United States of America,Wisconsin,Cow,"Cow milk, cheese, dairy",,,,hard,,,,,
Liptauer,19115,/m/0567vq,Italy,,"Domestic sheep,Cow","Domestic sheep,Cow milk, cheese, dairy",,,,,,,,,
Aveyronnais,19116,/m/04p560y,France,Midi-Pyrénées,Cow,"Cow milk, cheese, dairy",,,,Soft,,,,,
Kasseri,19117,/m/03z1zy,Greece,,"Domestic sheep,Domestic goat","Domestic sheep,Domestic goat milk, cheese, dairy",,,,,,,,,
Blue cheese,19118,/m/03qp04,,,,"cheese, dairy",,,,,,,,,
Cheese curds,19119,/m/02952t,"United States of America,Canada",,,"cheese, dairy",,,,,,,,,
Mt Tam,19120,/m/02h7yb3,United States of America,Marin County,Cow,"Cow milk, cheese, dairy",,,,"Triple cream,Soft-ripened",Cowgirl Creamery,,,,
Fourme au Maury,19121,/m/04dm3w0,,,,"cheese, dairy",,,,,,,,,
Saint-Nectaire,19122,/m/08kph8,France,,Cow,"Cow milk, cheese, dairy",,,,,,,,,
Castello Blue,19123,/m/04dm3v4,,,,"cheese, dairy",,,,,,,,,
Munster,19124,/m/03h_z8,France,,Cow,"Cow milk, cheese, dairy",,,,washed-rind,,,,,
Raschera,4647,/m/04zy_jp,Italy,,,"cheese, dairy",,,,,,,,,
Chihuahua cheese,19126,/m/08ppvs,Mexico,,Cow,"Cow milk, cheese, dairy",,,,,,,,,
Pont-l'Évêque,19127,/m/0805x3,France,,Cow,"Cow milk, cheese, dairy",,,,"washed-rind,Soft",,,,,
Xynomizithra,19128,/m/08f6np,Greece,,"Domestic goat,Domestic sheep","Domestic goat,Domestic sheep milk, cheese, dairy",,,,,,,,,
Pepperjack cheese,19129,/m/064w77,United States of America,,,"cheese, dairy",,,,,,,,,
Queso blanco,19130,/m/0687nq,"Mexico,Spain",,Cow,"Cow milk, cheese, dairy",,,,,,,,,
Chhenna Poda,19131,/m/0gkf18,India,,,"cheese, dairy",,,,,,,,,
Zamorano cheese,19132,/m/0g7xnd,Spain,,Domestic sheep,"Domestic sheep milk, cheese, dairy",,,,,,,,,
Hushållsost,19133,/m/0b_ggq,Sweden,,Cow,"Cow milk, cheese, dairy",,,,,,,,,
Queso Palmita,4618,/m/0gl_q8,,,Domestic goat,"Domestic goat milk, cheese, dairy",,,,,,,,,
Comté,19135,/m/05b228,France,Franche-Comté,Cow,"Cow milk, cheese, dairy",,,,hard,,,,,
Bondost,19136,/m/0c7873,Sweden,,Cow,"Cow milk, cheese, dairy",,,,,,,,,
Jibneh Arabieh cheese,19137,/m/0c88_3,,,"Domestic sheep,Domestic goat,Cow","Domestic sheep,Domestic goat,Cow milk, cheese, dairy",,,,,,,,,
Caboc,19138,/m/0d0czh,Scotland,,,"cheese, dairy",,,,,,,,,
Manchego cheese,19139,/m/0f3n7,Spain,,Domestic sheep,"Domestic sheep milk, cheese, dairy",,,,,,,,,
Emmental,19140,/m/03h547,Switzerland,,Cow,"Cow milk, cheese, dairy",,,,hard,,,,,
Pepato,4281,/m/0272b4p,,,Domestic sheep,"Domestic sheep milk, cheese, dairy",,,,,,,,,
Bra,6751,/m/03h4kpc,Italy,,Cow,"Cow milk, cheese, dairy",,,,,,,,,
Carré du Père Antoine,19143,/m/04dm3tc,,,,"cheese, dairy",,,,,,,,,
Granular cheese,19144,/m/03cqwr5,,,,"cheese, dairy",,,,,,,,,
Langres,9157,/m/09cqcr,France,"Champagne-Ardenne,Langres",Cow,"Cow milk, cheese, dairy",,,,washed-rind,,,,,
Mimolette,19146,/m/0bf81p,"Belgium,France,Netherlands",,Cow,"Cow milk, cheese, dairy",,,,hard,,,,,
Olivet cendré,19147,/m/0bcv73,France,,Cow,"Cow milk, cheese, dairy",,,,,,,,,
Requeijão,19148,/m/0d_6b4,Brazil,,Cow,"Cow milk, cheese, dairy",,,,,,,,,
Valdeón cheese,19149,/m/0d7l55,Spain,,,"cheese, dairy",,,,,,,,,
Jarlsberg cheese,19150,/m/028tf7,Norway,,Cow,"Cow milk, cheese, dairy",,,,,,,,,
Campo de montalban,19151,/m/0280n9q,Spain,,,"cheese, dairy",,,,,,,,,
Kesong puti,19152,/m/03c1h0n,,,,"cheese, dairy",,,,,,,,,
Lüneberg cheese,19153,/m/0d_6s4,,,Cow,"Cow milk, cheese, dairy",,,,,,,,,
Oka cheese,19154,/m/025_kq,Canada,,Cow,"Cow milk, cheese, dairy",,,,,,,,,
Robiola,4842,/m/0d1nx6,Italy,,"Cow,Domestic goat,Domestic sheep","Cow,Domestic goat,Domestic sheep milk, cheese, dairy",,,,,,,,,
Livarot,19156,/m/02_f5m,France,,Cow,"Cow milk, cheese, dairy",,,,,,,,,
Five Counties cheese,19157,/m/02pkrr2,England,,"Cow,Domestic sheep","Cow,Domestic sheep milk, cheese, dairy",,,,,,,,,
Cancoillotte,19158,/m/0dxfj6,France,,Cow,"Cow milk, cheese, dairy",,,,,,,,,
Salers,19159,/m/09bplz,France,,Cow,"Cow milk, cheese, dairy",,,,,,,,,
Bokmakiri cheese,19160,/m/05plwk,South Africa,,Domestic goat,"Domestic goat milk, cheese, dairy",,,,,,,,,
Majorero cheese,19161,/m/08q427,Spain,,Domestic goat,"Domestic goat milk, cheese, dairy",,,,,,,,,
Abbaye de Belloc,19162,/m/07dywq,France,Pyrenees,Domestic sheep,"Domestic sheep milk, cheese, dairy",no,six months,,semi-hard,,,,,
Pecorino,4260,/m/01pl_v,Italy,,Domestic sheep,"Domestic sheep milk, cheese, dairy",,,,,,,,,
Gorgonzola,326,/m/01z2x2,Italy,,Cow,"Cow milk, cheese, dairy",,,,,,,,,
Colby cheese,19165,/m/038cyj,United States of America,,Cow,"Cow milk, cheese, dairy",,,,,,,,,
Black Butte,19166,/m/02h8b_j,United States of America,Orland,Cow,"Cow milk, cheese, dairy",no,6 months,,semi-soft,,,,,
Cuba cheese,19167,/m/04xl_j,United States of America,,,"cheese, dairy",,,,,,,,,
Paški sir,19168,/m/025wqts,,,Domestic sheep,"Domestic sheep milk, cheese, dairy",,,,,,,,,
Leerdammer,19169,/m/08q3nc,Netherlands,,Cow,"Cow milk, cheese, dairy",,,,,,,,,
Blue Castello,19170,/m/0f0p5x,Denmark,,Cow,"Cow milk, cheese, dairy",,,,Triple cream,,,,,
Affidelice,19171,/m/04dm3sw,,,,"cheese, dairy",,,,,,,,,
Beaufort,19172,/m/06stbl,France,Savoie,Cow,"Cow milk, cheese, dairy",,,,hard,,,,,
Minas cheese,19173,/m/08q3vv,Brazil,,Cow,"Cow milk, cheese, dairy",,,,,,,,,
Valençay,19174,/m/02r_0g1,France,,Domestic goat,"Domestic goat milk, cheese, dairy",,,,,,,,,
Dorset Drum,19175,/m/026pt7f,England,,,"cheese, dairy",,,,,,,,,
Santarém cheese,19176,/m/0287mj7,,,,"cheese, dairy",,,,,,,,,
Derby Cheese,7619,/m/03hm5_2,,,,"cheese, dairy",,,,,,,,,
Fløtemysost,19178,/m/03h5rkm,,,,"cheese, dairy",,,,,,,,,
Chhena,19179,/m/02rc_77,India,,"Water Buffalo,Cow","Water Buffalo,Cow milk, cheese, dairy",,,,,,,,,
Chanco cheese,19180,/m/03c9hj3,,,,"cheese, dairy",,,,,,,,,
Broccio Passu,19181,/m/026_t68,,,,"cheese, dairy",,,,,,,,,
Rochebarron,4845,/m/03gs3sm,France,,,"cheese, dairy",,,,,,,,,
Hoch-Ybrig,19183,/m/03cxfd0,Switzerland,Küssnacht,Simmental Cattle,"Simmental Cattle milk, cheese, dairy",,,,,,,,,
Stinking Bishop cheese,19184,/m/0770_c,England,,Cow,"Cow milk, cheese, dairy",,,,,,,,,
Cottage cheese,19185,/m/01fd1t,,,,"cheese, dairy",,,,,,,,,
Applewood cheese,19186,/m/04f367l,,,,"cheese, dairy",,,,,,,,,
Cabri Ariègeois,19187,/m/04dm3t5,,,,"cheese, dairy",,,,,,,,,
Liederkranz cheese,19188,/m/042hh9,United States of America,,Cow,"Cow milk, cheese, dairy",,,,,,,,,
Cabrales cheese,19189,/m/01glzg,Spain,,"Cow,Domestic goat,Domestic sheep","Cow,Domestic goat,Domestic sheep milk, cheese, dairy",,,,,,,,,
Halloumi,19190,/m/016kgn,"Greece,Turkey",Cyprus,"Domestic sheep,Domestic goat,Cow","Domestic sheep,Domestic goat,Cow milk, cheese, dairy",,,,Soft,,,,,
Chesdale Cheese,19191,/m/01k64t,,,,"cheese, dairy",,,,,,,,,
Red Windsor cheese,19192,/m/01pkx1,England,,Cow,"Cow milk, cheese, dairy",,,,,,,,,
Cotija cheese,19193,/m/0d9t1g,Mexico,"Cotija, Michoacán,Santa María del Oro, Jalisco",Raw cow milk,"Raw cow milk milk, cheese, dairy",,,,,,,,,
Bryndza,19194,/m/04mc2_,"Romania,Poland",,Domestic sheep,"Domestic sheep milk, cheese, dairy",,,,,,,,,
Raclette,4629,/m/01245r,"France,Switzerland",,Cow,"Cow milk, cheese, dairy",,,,,,,,,
Morbier,19196,/m/01mzty,France,,Cow,"Cow milk, cheese, dairy",,,,semi-soft,,,,,
Chaumes cheese,19197,/m/01jl7b,France,Périgord,Cow,"Cow milk, cheese, dairy",,,,,,,,,
Parmigiano Reggiano,9857,/m/01sbt1,Italy,"Province of Mantua,Province of Reggio Emilia,Province of Parma,Province of Modena,Province of Bologna",Cow,"Cow milk, cheese, dairy",no,"12 months minimum,24-36 months typical",Denominazione di Origine Protetta,"Granular,hard",,see Consortium site,yes,,
Brimsen,19199,/m/01xxs4d,,,,"cheese, dairy",,,,,,,,,
Caciocavallo,6898,/m/02b78d,"Romania,Italy",,"Cow,Domestic sheep","Cow,Domestic sheep milk, cheese, dairy",,,,,,,,,
Telemea,19201,/m/08pzwp,Romania,,"Cow,Domestic sheep","Cow,Domestic sheep milk, cheese, dairy",,,,,,,,,
Friulano,19202,/m/09pddr,Canada,,Cow,"Cow milk, cheese, dairy",,,,,,,,,
Torta del Casar,19203,/m/09h528,Spain,,Domestic sheep,"Domestic sheep milk, cheese, dairy",,,,,,,,,
Little swiss,19204,/m/0h2cd1,France,,Cow,"Cow milk, cheese, dairy",,,,,,,,,
Coolea,19205,/m/0glyl5,Republic of Ireland,,Cow,"Cow milk, cheese, dairy",,,,,,,,,
Nabulsi cheese,19206,/m/0b2sf_,,,"Domestic sheep,Domestic goat,Cow","Domestic sheep,Domestic goat,Cow milk, cheese, dairy",,,,,,,,,
Golka,19207,/m/02z63q7,Poland,,Cow,"Cow milk, cheese, dairy",,,,,,,,,
Sardo cheese,19208,/m/05pm7l,Argentina,,Cow,"Cow milk, cheese, dairy",,,,,,,,,
Double Gloucester cheese,19209,/m/05klsk,"England,United Kingdom",Gloucestershire,Cow,"Cow milk, cheese, dairy",,,,,,,,,
Maredsous cheese,19210,/m/0c8949,,,,"cheese, dairy",,,,,,,,,
Chaubier,19211,/m/0bcxqb,France,,"Domestic goat,Cow","Domestic goat,Cow milk, cheese, dairy",,,,,,,,,
Abbaye de Tamie,19212,/m/02h881d,France,Savoie,Cow,"Cow milk, cheese, dairy",no,one month,,semi-firm,,,,,
Pied-de-Vent,19213,/m/02rth28,Canada,,Cow,"Cow milk, cheese, dairy",,,,,,,,,
Herve cheese,19214,/m/0644gq,Belgium,,Cow,"Cow milk, cheese, dairy",,,,,,,,,
Toma Piemontese,5780,/m/047m2lx,,,,"cheese, dairy",,,,,,,,,
Saint Albray,4981,/m/0c4hl2,France,,Cow,"Cow milk, cheese, dairy",,,,,,,,,
Roccolo,19217,/m/04dm3yb,,,,"cheese, dairy",,,,,,,,,
Explorateur,19218,/m/03qk7c3,France,,,"cheese, dairy",,,,,,,,,
La Serena cheese,19219,/m/02qh8rs,Spain,,Domestic sheep,"Domestic sheep milk, cheese, dairy",,,,,,,,,
Cheez Whiz,19220,/m/02tlp3,United States of America,,,"cheese, dairy",,,,,,,,,
Triple cream,19221,/m/027vkh1,,,,"cheese, dairy",,,,,,,,,
Orval,19222,/m/04dm3xt,,,,"cheese, dairy",,,,,,,,,
Easy Cheese,19223,/m/07kf0v,United States of America,,,"cheese, dairy",,,,,,,,,
L'Etivaz,19224,/m/03wc9y0,,,,"cheese, dairy",,,,,,,,,
Bocconcini,6689,/m/0flqc7,"Italy,Canada",,"Cow,Water Buffalo","Cow,Water Buffalo milk, cheese, dairy",,,,,,,,,
Cheese spread,19226,/m/09kv6y,,,,"cheese, dairy",,,,,,,,,
Picón Bejes-Tresviso,19227,/m/055wcs5,Spain,,"Domestic sheep,Domestic goat","Domestic sheep,Domestic goat milk, cheese, dairy",,,,,,,,,
Abertam cheese,19228,/m/07z4lt,,,Domestic sheep,"Domestic sheep milk, cheese, dairy",,,,,,,,,
Livno cheese,19229,/m/08sr2x,,,Cow,"Cow milk, cheese, dairy",,,,,,,,,
Cheddar cheese,19230,/m/01_r_,"Republic of Ireland,England,United Kingdom",Cheddar,"Cow,Domestic goat","Cow,Domestic goat milk, cheese, dairy",Frequently,3-30 months,,"hard,semi-hard",,,,,
Pizza cheese,19231,/m/068_x,,,,"cheese, dairy",,,,,,,,,
Bleu de Bresse,19232,/m/08_65t,France,,,"cheese, dairy",,,,,,,,,
Brick cheese,19233,/m/07wt5h,United States of America,,,"cheese, dairy",,,,,,,,,
Nökkelost cheese,19234,/m/07zf4n,Norway,,Cow,"Cow milk, cheese, dairy",,,,,,,,,
Buxton Blue cheese,19235,/m/08pxfb,England,,Cow,"Cow milk, cheese, dairy",,,,,,,,,
Aisy cendré,19236,/m/02rp6bd,,,,"cheese, dairy",,,,,,,,,
Pouligny Saint-Pierre,19237,/m/02vr0y2,France,,Domestic goat,"Domestic goat milk, cheese, dairy",,,,,,,,,
Sainte-Maure de Touraine,19238,/m/0gg3wc,France,,Domestic goat,"Domestic goat milk, cheese, dairy",,,,,,,,,
Banon de Provence,19239,/m/02h8388,France,Provence,Domestic goat,"Domestic goat milk, cheese, dairy",,two weeks,,semi-soft,,,,,
Toma cheese,19240,/m/083tpm,Italy,,Cow,"Cow milk, cheese, dairy",,,,,,,,,
Cream cheese,19241,/m/02p2nn,United States of America,,Cow,"Cow milk, cheese, dairy",,,,,,,,,
Fourme de Montbrison,19242,/m/03d2719,France,,Cow,"Cow milk, cheese, dairy",,,,,,,,,
Selles-sur-Cher,19243,/m/02vqyl4,France,,Domestic goat,"Domestic goat milk, cheese, dairy",,,,,,,,,
Gamalost,19244,/m/0bfjyc,Norway,,Cow,"Cow milk, cheese, dairy",,,,,,,,,
Catupiry,19245,/m/095sxx,Brazil,,Cow,"Cow milk, cheese, dairy",,,,,,,,,
American cheese,19246,/m/06qyn0,United States of America,,Cow,"Cow milk, cheese, dairy",true,,,,,,,,
Wagasi,19247,/m/05b19_k,,,,"cheese, dairy",,,,,,,,,
Höfðingi,19248,/m/04f0lwf,,,,"cheese, dairy",,,,,,,,,
Green cheese,19249,/m/025vcjv,,,,"cheese, dairy",,,,,,,,,
Alpine Shepherd,19250,/m/02h891x,United States of America,Lake County,Domestic goat,"Domestic goat milk, cheese, dairy",no,14 months,,hard,,,,,
Gotland Blue,8293,/m/02pvyml,Sweden,,,"cheese, dairy",,,,,,,,,
Jameed,19252,/m/05g8_t,,,Domestic goat,"Domestic goat milk, cheese, dairy",,,,,,,,,
Pavé de Soignies,19253,/m/04dm3xz,,,,"cheese, dairy",,,,,,,,,
Ackawi cheese,19254,/m/03gq6cj,,,,"cheese, dairy",,,,,,,,,
Fine Fettle Yorkshire Cheese,8002,/m/02r3r83,England,,Domestic sheep,"Domestic sheep milk, cheese, dairy",,,,,,,,,
Lappi cheese,19256,/m/01pc44,Finland,Lapland Province,Cow,"Cow milk, cheese, dairy",,,,,,,,,
Maasdam cheese,19257,/m/026mgj6,Netherlands,,Cow,"Cow milk, cheese, dairy",,,,,,,,,
Hirtenkäse,19258,/m/05p0bm7,,,,"cheese, dairy",,,,,,,,,
Västerbotten cheese,19259,/m/0b6176,Sweden,Västerbotten,Cow,"Cow milk, cheese, dairy",,,,,,,,,
Babybel,19260,/m/025w_n6,"United States of America,France",,Cow,"Cow milk, cheese, dairy",,,,,,,,,
D'Isigny,19261,/m/02q8xd5,,,,"cheese, dairy",,,,,,,,,
Creole cream cheese,19262,/m/02q_bl8,United States of America,,,"cheese, dairy",,,,,,,,,
Anthotyros cheese,19263,/m/08f60h,Greece,,"Domestic goat,Domestic sheep","Domestic goat,Domestic sheep milk, cheese, dairy",,,,,,,,,
Trou du Cru,19264,/m/04q2vfx,France,,,"cheese, dairy",,,,,,,,,
Primula,1905,/m/03hg4hf,,,,"cheese, dairy",,,,,,,,,
Gruyère,1462,/m/0f0x2,Switzerland,Canton of Fribourg,Cow,"Cow milk, cheese, dairy",,5-12 months,,"cooked, pressed, hard",,,,,
Itche Bai,19267,/m/0fnrm0,France,,,"cheese, dairy",,,,,,,,,
Port-du-Salut cheese,19268,/m/012465,France,,Cow,"Cow milk, cheese, dairy",,,,,,,,,
Cougar Gold cheese,19269,/m/0cwgzl,United States of America,,,"cheese, dairy",,,,,,,,,
Azeitao,19270,/m/02h89g8,Portugal,,Domestic sheep,"Domestic sheep milk, cheese, dairy",no,90 days,,semi-soft,,,,,
Bel Paese cheese,19271,/m/02bkb7,Italy,,Cow,"Cow milk, cheese, dairy",,,,,,,,,
Cheshire Mammoth Cheese,19272,/m/02821sn,,,,"cheese, dairy",,,,,,,,,
Marble cheese,19273,/m/064l2tb,,,,"cheese, dairy",,,,,,,,,
Maytag Blue cheese,19274,/m/05jz8f,United States of America,Newton,Cow,"Cow milk, cheese, dairy",yes,,,,,,,,
Abondance,19275,/m/09c1b2,France,,Cow,"Cow milk, cheese, dairy",,,,,,,,,
Pantysgawn,19276,/m/09fb8t,Wales,,Domestic goat,"Domestic goat milk, cheese, dairy",,,,,,,,,
Leyden cheese,19277,/m/02lq0p,Netherlands,,Cow,"Cow milk, cheese, dairy",,,,,,,,,
Bundz,6854,/m/07m6lq,Poland,,Domestic sheep,"Domestic sheep milk, cheese, dairy",,,,,,,,,
Roquefort,4870,/m/016n2y,France,,Domestic sheep,"Domestic sheep milk, cheese, dairy",,,,,,,,,
Bleu Bénédictin,19280,/m/07tl4_,Canada,,Cow,"Cow milk, cheese, dairy",,,,,,,,,
Stracchino,5468,/m/0gf_g0,Italy,"Lombardy,Piedmont,Veneto",Cow,"Cow milk, cheese, dairy",,,,,,,,,
Dunlop cheese,19282,/m/06jkxf,Scotland,,"Domestic goat,Cow,Domestic sheep","Domestic goat,Cow,Domestic sheep milk, cheese, dairy",,,,,,,,,
Farmer cheese,19283,/m/07jrpz,,,,"cheese, dairy",,,,,,,,,
Serra da Estrela cheese,19284,/m/0fkm8p,,,Domestic sheep,"Domestic sheep milk, cheese, dairy",,,,,,,,,
Svecia,19285,/m/0c0_gg,Sweden,,Cow,"Cow milk, cheese, dairy",,,,,,,,,
Brânză de burduf,19286,/m/04cxmj3,Romania,,Domestic sheep,"Domestic sheep milk, cheese, dairy",,,,,,,,,
Le Welsch,19287,/m/04dm3wn,,,,"cheese, dairy",,,,,,,,,
Weisslacker,19288,/m/05j0gq,Germany,,Cow,"Cow milk, cheese, dairy",,,,,,,,,
Y Fenni,19289,/m/05gxds,Wales,,,"cheese, dairy",,,,,,,,,
Brie de Meaux,19290,/m/05259f7,France,,,"cheese, dairy",,,,,,,,,
Lanark Blue,19291,/m/027_xdy,Scotland,,Domestic sheep,"Domestic sheep milk, cheese, dairy",,,,,,,,,
Oscypek,19292,/m/0258k7,Poland,,"Cow,Domestic sheep","Cow,Domestic sheep milk, cheese, dairy",,,,,,,,,
Barat,19293,/m/02h89pz,United States of America,Poughkeepsie,Cow,"Cow milk, cheese, dairy",no,60 days,,firm,,,,,
Mariolles,19294,/m/04dm3wv,,,,"cheese, dairy",,,,,,,,,
Brussels' cheese,19295,/m/0c893m,Belgium,,Cow,"Cow milk, cheese, dairy",,,,,,,,,
Lymeswold cheese,19296,/m/03rs1z,England,,,"cheese, dairy",,,,,,,,,
Baguette laonnaise,19297,/m/0f88d9,France,,Cow,"Cow milk, cheese, dairy",,,,,,,,,
Gaperon,19298,/m/0dgjqt,France,,Cow,"Cow milk, cheese, dairy",,,,,,,,,
Grana,8305,/m/0gfhfz,Italy,,,"cheese, dairy",,,,,,,,,
Castelmagno,7068,/m/03cl7d5,Italy,"Pradleves,Castelmagno,Monterosso Grana","Cow,Domestic sheep,Domestic goat","Cow,Domestic sheep,Domestic goat milk, cheese, dairy",no,"5 months typical,2 months minimum",Denominazione di Origine Protetta,"semi-hard,Crumbly",,,yes,,
Snøfrisk,19301,/m/02w4v9l,Norway,,,"cheese, dairy",,,,,,,,,
Chèvre noir,19302,/m/027x2kg,Canada,,Domestic goat,"Domestic goat milk, cheese, dairy",,,,,,,,,
Pultost cheese,19303,/m/02rjghx,,,,"cheese, dairy",,,,,,,,,
Sottocenere al tartufo,19304,/m/02qht4b,Italy,,Cow,"Cow milk, cheese, dairy",,,,,,,,,
Win shulers,19305,/m/02wtd7c,,,,"cheese, dairy",,,,,,Win Shulers,,,
Picodon,19306,/m/03cwmc0,France,,Domestic goat,"Domestic goat milk, cheese, dairy",,,,,,,,,
Boursin,19307,/m/02qvtb,France,,Cow,"Cow milk, cheese, dairy",,,,,,,,,
Turoš,19308,/m/0c4kjq,Croatia,Međimurje County,Cow,"Cow milk, cheese, dairy",,,,,,,,,
Labneh,19309,/m/05pm9n,,,,"cheese, dairy",,,,,,,,,
Rokpol,19310,/m/02z640m,,,,"cheese, dairy",,,,,,,,,
Adelost,19311,/m/0d_lzn,Sweden,,,"cheese, dairy",,,,,,,,,
Pilgrim's Choice,19312,/m/0dmz9t,England,,,"cheese, dairy",,,,,,,,,
Cure Nantais,19313,/m/04dm3vq,,,,"cheese, dairy",,,,,,,,,
Wisconsin cheese,19314,/m/0417hhl,,,,"cheese, dairy",,,,,,,,,
Mottin charentais,19315,/m/02qjl6f,France,,,"cheese, dairy",,,,,,,,,
Romano cheese,19316,/m/04tyk6,Italy,,,"cheese, dairy",,,,,,,,,
Affidelice au Chablis,19317,/m/04p55hr,France,Burgundy,Cow,"Cow milk, cheese, dairy",,,,Soft,,,,,
Beyaz peynir,19318,/m/0463_qk,,,,"cheese, dairy",,,,,,,,,
Le Brin,19319,/m/04dm3wh,,,,"cheese, dairy",,,,,,,,,
Tillamook Cheddar,19320,/m/0gqlvm,United States of America,,Cow,"Cow milk, cheese, dairy",,,,,,,,,
Édel de Cléron,19321,/m/04g1s6y,,,,"cheese, dairy",,,,,,,,,
Pinconning cheese,19322,/m/066dh,United States of America,,Cow,"Cow milk, cheese, dairy",,,,,,,,,
Mozzarella,19323,/m/055w7,Italy,,"Cow,Water Buffalo","Cow,Water Buffalo milk, cheese, dairy",,,,semi-soft,,,,,
Brillat-Savarin cheese,19324,/m/0c4rn,France,Normandy,Cow,"Cow milk, cheese, dairy",,,,Triple cream,,,,,
Casu marzu,19325,/m/0c4q2,Italy,Sardinia,Domestic sheep,"Domestic sheep milk, cheese, dairy",No,3 mo.,,Soft,,,,,
Paneer,518,/m/03r1s9,India,,,"cheese, dairy",,,,,,,,,
Big Woods Blue,19327,/m/02h8bmn,United States of America,Minnesota,Domestic sheep,"Domestic sheep milk, cheese, dairy",no,3 to 4 months,,semi-firm,,,,,
Brine cheese,19328,/m/03cstxl,,,,"cheese, dairy",,,,,,,,,
Cathare,19329,/m/02p1rds,France,,,"cheese, dairy",,,,,,,,,
Añejo Enchilado cheese,19330,/m/0db_wk,,,,"cheese, dairy",,,,,,,,,
La Tur,19331,/m/047jf32,,Piedmont,,"cheese, dairy",,,,,,,,,
Gouda,19332,/m/012mpq,Netherlands,,Cow,"Cow milk, cheese, dairy",,,,,,,,,
Testouri cheese,19333,/m/0c88by,,,"Domestic goat,Domestic sheep","Domestic goat,Domestic sheep milk, cheese, dairy",,,,,,,,,
Queijo coalho,19334,/m/095ss2,Brazil,,Cow,"Cow milk, cheese, dairy",,,,,,,,,
Rocamadour,19335,/m/09cqnl,France,,Domestic goat,"Domestic goat milk, cheese, dairy",,,,,,,,,
Swaledale,19336,/m/057syhl,England,,,"cheese, dairy",,,,,,,,,
Danbo cheese,19337,/m/0d73ym,Denmark,,Cow,"Cow milk, cheese, dairy",,,,,,,,,
Parrano cheese,19338,/m/026p89t,Netherlands,,Cow,"Cow milk, cheese, dairy",,,,,,,,,
Le Riopelle de l'Isle,19339,/m/073p9_,Canada,,Cow,"Cow milk, cheese, dairy",,,,,,,,,
Taleggio cheese,19340,/m/04htn_,Italy,Val Taleggio,Cow,"Cow milk, cheese, dairy",,,,,,,,,
Crozier Blue,19341,/m/04091f2,Republic of Ireland,,,"cheese, dairy",,,,,,,,,
Rosa Camuna,4874,/m/04zx38w,Italy,,,"cheese, dairy",,,,,,,,,
Passendale cheese,19343,/m/04y5m9b,Belgium,,,"cheese, dairy",,,,,,,,,
Monterey Jack,19344,/m/01f76t,United States of America,,Cow,"Cow milk, cheese, dairy",,,,,,,,,
Sir Laurier d'Arthabaska,19345,/m/02rtgqx,Canada,,Cow,"Cow milk, cheese, dairy",,,,,,,,,
Asiago cheese,19346,/m/02k5rl,,Asiago,Cow,"Cow milk, cheese, dairy",no,6 months,,hard,,,,,
Coquetdale cheese,19347,/m/06zpk_8,,,,"cheese, dairy",,,,,,,,,
Tylzycki,19348,/m/02z6463,Poland,,Cow,"Cow milk, cheese, dairy",,,,,,,,,
Dragons Breath,19349,/m/026kgyz,Canada,,Cow,"Cow milk, cheese, dairy",,,,,,,,,
Milleens,19350,/m/051ysvn,Republic of Ireland,,,"cheese, dairy",,,,,,,,,
Kraft Singles,19351,/m/0469sb,United States of America,,Cow,"Cow milk, cheese, dairy",,,,,,,,,
Caciotta,6899,/m/025wx5_,Italy,,"Cow,Water Buffalo,Domestic sheep,Domestic goat","Cow,Water Buffalo,Domestic sheep,Domestic goat milk, cheese, dairy",,,,,,,,,
Prästost,19353,/m/0c0hfm,Sweden,,Cow,"Cow milk, cheese, dairy",,,,,,,,,
Schabziger,19354,/m/0d26j0,Switzerland,Canton of Glarus,Cow,"Cow milk, cheese, dairy",,,,,,,,,
Tête de Moine,19355,/m/02ptzyb,Switzerland,,Cow,"Cow milk, cheese, dairy",,,,,,,,,
Black Gold,19356,/m/02h97hf,United States of America,Mendocino,Domestic goat,"Domestic goat milk, cheese, dairy",yes,2 to 3 weeks,,Soft,Elk Creamery,,traditional,,bloomy
Hoop cheese,19357,/m/03fr6k,United States of America,,,"cheese, dairy",,,,,,,,,
Bryndza Podhalańska,19358,/m/03hhhtx,Poland,,Domestic sheep,"Domestic sheep milk, cheese, dairy",,,,,,,,,
Beaufort Alpage,19359,/m/02h89z7,France,Savoie,Cow,"Cow milk, cheese, dairy",no,18 months,,hard,,,,,
Reblochon,4670,/m/037brh,"Italy,France",,Cow,"Cow milk, cheese, dairy",,,,,,,,,
Crescenza,7472,/m/02729_5,Italy,,Cow,"Cow milk, cheese, dairy",,,,,,,,,
Kefir cheese,19362,/m/06zsf3z,,,,"cheese, dairy",,,,,,,,,
Chaource,19363,/m/0598wd,France,,Cow,"Cow milk, cheese, dairy",,,,,,,,,
Sour milk cheese,19364,/m/04n5t3,,,,"cheese, dairy",,,,,,,,,
Old amsterdam cheese,19365,/m/064q554,,,,"cheese, dairy",,,,,,,,,
Dovedale cheese,19366,/m/0520m9k,England,,,"cheese, dairy",,,,,,,,,
Kenafa cheese,19367,/m/0c8904,,,,"cheese, dairy",,,,,,,,,
Flower of Rajya,19368,/m/03nr768,,,,"cheese, dairy",,,,,,,,,
Gubbeen cheese,19369,/m/06q196,Republic of Ireland,,Cow,"Cow milk, cheese, dairy",,,,,,,,,
São Jorge cheese,19370,/m/064n52z,Portugal,São Jorge Island,Cow,"Cow milk, cheese, dairy",,,Protected designation of origin,hard,,,,,
Sirene,19371,/m/0623yv,Bulgaria,,"Cow,Domestic sheep","Cow,Domestic sheep milk, cheese, dairy",,,,,,,,,
Bergenost,19372,/m/03c8wnm,,,,"cheese, dairy",,,,,,,,,
Anari,19373,/m/0280w9z,,,"Domestic goat,Domestic sheep","Domestic goat,Domestic sheep milk, cheese, dairy",,,,,,,,,
Añejo cheese,19374,/m/0db_tf,Mexico,,Domestic goat,"Domestic goat milk, cheese, dairy",,,,,,,,,
Petit Soumaintrain,19375,/m/04dm3y3,,,,"cheese, dairy",,,,,,,,,
Piave cheese,19376,/m/09073y,Italy,,Cow,"Cow milk, cheese, dairy",,,,,,,,,
Bleu du Vercors-Sassenage,19377,/m/027b4yn,France,,Cow,"Cow milk, cheese, dairy",,,,,,,,,
Lancashire cheese,19378,/m/028mtf,England,,Cow,"Cow milk, cheese, dairy",,,,,,,,,
Blanca Bianca,19379,/m/02h8c2n,United States of America,Dallas,Cow,"Cow milk, cheese, dairy",no,60 days,,Soft,,,,,Washed
Tomme de Savoie,19380,/m/017kfv,France,Savoie,Cow,"Cow milk, cheese, dairy",,,,semi-firm,,,,,
Ġbejna,19381,/m/026v701,,,"Domestic goat,Domestic sheep","Domestic goat,Domestic sheep milk, cheese, dairy",,,,,,,,,
Prypiat Cheese,19382,/m/04n2vcg,Ukraine,,"Domestic goat,Cow","Domestic goat,Cow milk, cheese, dairy",,,,,,,,,
Humboldt Fog,8659,/m/057m1q,United States of America,Humboldt County,Domestic goat,"Domestic goat milk, cheese, dairy",yes,three weeks,,Soft,,,,,
Vieux-Boulogne,19384,/m/05c6dr,France,,Cow,"Cow milk, cheese, dairy",,,,,,,,,
Sage Derby cheese,19385,/m/0cw0p0,England,,Cow,"Cow milk, cheese, dairy",,,,,,,,,
Kavli,19386,/m/02wynyf,Norway,,,"cheese, dairy",,,,,,,,,
Alderbrook,19387,/m/02h88_s,United States of America,Vermont,Domestic sheep,"Domestic sheep milk, cheese, dairy",yes,3 to 4 weeks,,Soft,,,,,
Dubliner cheese,19388,/m/06q0p2,Republic of Ireland,,Cow,"Cow milk, cheese, dairy",,,,,,,,,
Etorki,19389,/m/03d5gdx,France,,Domestic sheep,"Domestic sheep milk, cheese, dairy",,,,,,,,,
Brânză topită,19390,/m/02q3lwt,,,,"cheese, dairy",,,,,,,,,
Pierce Pt,19391,/m/02h82kq,United States of America,Marin County,Cow,"Cow milk, cheese, dairy",,,,semi-firm,,,,,
Tomme des Pyrenees,19392,/m/03grnpf,France,,,"cheese, dairy",,,,,,,,,
Gevrik,19393,/m/02vkzys,,,,"cheese, dairy",,,,,,,,,
Ami du Chambertin,19394,/m/04dm3sq,,,,"cheese, dairy",,,,,,,,,
Duberry cheese,19395,/m/0b_my9,England,,,"cheese, dairy",,,,Crumbly,,,,,
Metsovone cheese,19396,/m/08f8n6,Greece,,"Domestic goat,Cow,Domestic sheep","Domestic goat,Cow,Domestic sheep milk, cheese, dairy",,,,,,,,,
Le douanier,19397,/m/05zszct,Canada,,,"cheese, dairy",,,,,,,,,
String cheese,19398,/m/01lzty,United States of America,,,"cheese, dairy",,,,,,,,,
Andari cheese,19399,/m/01xxs3y,,,,"cheese, dairy",,,,,,,,,
Geitost,19400,/m/01lfpj,Norway,,,"cheese, dairy",,,,,,,,,
Syrian cheese,19401,/m/069jw7,,,,"cheese, dairy",,,,,,,,,
Alouette,19402,/m/02rj368,United States of America,,,"cheese, dairy",,,,,,,,,
Chabichou,19403,/m/025x8hb,France,,Domestic goat,"Domestic goat milk, cheese, dairy",,,,,,,,,
Dorset Blue Vinney cheese,19404,/m/0f0xy,England,,Cow,"Cow milk, cheese, dairy",,,,,,,,,
Esrom,7888,/m/0cpj5f,Denmark,,Cow,"Cow milk, cheese, dairy",,,,,,,,,
Greve cheese,19406,/m/0d6j2p,Sweden,,Cow,"Cow milk, cheese, dairy",,,,,,,,,
Coleraine cheddar,19407,/m/0bvlpq,,,Cow,"Cow milk, cheese, dairy",,,,,,,,,
Ardrahan cheese,19408,/m/06q125,Republic of Ireland,County Cork,Cow,"Cow milk, cheese, dairy",yes,8 to 16 weeks,,semi-soft,,,,,
Mankwold,19409,/m/06w1vk,England,,,"cheese, dairy",,,,,,,,,
Chèvre cheese,19410,/m/029756,France,,Domestic goat,"Domestic goat milk, cheese, dairy",,,,,,,,,
Monte Veronese,3778,/m/0fx55s,Italy,,Cow,"Cow milk, cheese, dairy",,,,,,,,,
Huntsman cheese,19412,/m/06mh0x,England,,Cow,"Cow milk, cheese, dairy",,,,,,,,,
Brînza,19413,/m/08q3cb,,,Domestic sheep,"Domestic sheep milk, cheese, dairy",,,,,,,,,
Camembert,19414,/m/02dg27,France,Camembert,Cow,"Cow milk, cheese, dairy",Not normally,at least 3 weeks,,Soft-ripened,,,,,
Norbury blue,19415,/m/03c0_vn,England,,Cow,"Cow milk, cheese, dairy",,,,,,,,,
Pasta filata,19416,/m/02px__9,Italy,,,"cheese, dairy",,,,,,,,,
Casciotta d'Urbino,19417,/m/02v_w5y,Italy,,"Cow,Domestic sheep","Cow,Domestic sheep milk, cheese, dairy",,,,,,,,,
Morlacco,3798,/m/0fx5v4,Italy,,Cow,"Cow milk, cheese, dairy",,,,,,,,,
Cheshire cheese,19419,/m/01s8gz,England,,Cow,"Cow milk, cheese, dairy",,,,,,,,,
Pecorino Sardo,4263,/m/0ccd24,Italy,,Domestic sheep,"Domestic sheep milk, cheese, dairy",,,,,,,,,
Fontina,8056,/m/083rwm,Italy,,Cow,"Cow milk, cheese, dairy",,,,,,,,,
Xynotyro cheese,19422,/m/08thk7,Greece,,"Domestic goat,Domestic sheep","Domestic goat,Domestic sheep milk, cheese, dairy",,,,,,,,,
Corleggy,19423,/m/0f_5x8,Republic of Ireland,,Domestic goat,"Domestic goat milk, cheese, dairy",,,,,,,,,
Mascarpone,452,/m/01sy7q,"Italy,Republic of Ireland",,Cow,"Cow milk, cheese, dairy",,,,Triple cream,,,,,
Red Hawk,19425,/m/026zczj,United States of America,Point Reyes Station,Cow,"Cow milk, cheese, dairy",,six weeks,,"washed-rind,Triple cream",,,,,
Harzer,19426,/m/04n5wk,Germany,,Cow,"Cow milk, cheese, dairy",,,,,,,,,
Bassigny au Porto,19427,/m/04dm3t0,,,,"cheese, dairy",,,,,,,,,
Provel cheese,19428,/m/03hkj8,United States of America,,,"cheese, dairy",,,,,,,,,
Maroilles,3587,/m/02vnzpz,France,,Cow,"Cow milk, cheese, dairy",,,,,,,,,
Berkswell,19430,/m/02h8bgl,England,Berkswell,Domestic sheep,"Domestic sheep milk, cheese, dairy",no,6 to 9 months,,hard,,,,,
Sweet Muenster Cheese,19431,/m/026gsjm,United States of America,,,"cheese, dairy",,,,,,,,,
Laguiole,19432,/m/09fvf7,France,,Cow,"Cow milk, cheese, dairy",,,,,,,,,
Crucolo,7504,/m/027q27q,Italy,,Cow,"Cow milk, cheese, dairy",,,,,,,,,
Primost,19434,/m/02vr2lf,,,,"cheese, dairy",,,,,,,,,
Saint Paulin,19435,/m/0dfrrr,France,,Cow,"Cow milk, cheese, dairy",,,,,,,,,
Colby-Jack cheese,19436,/m/0d2lr_,United States of America,,Cow,"Cow milk, cheese, dairy",,,,,,,,,
Caerphilly cheese,19437,/m/01pl1k,Wales,,Cow,"Cow milk, cheese, dairy",,,,,,,,,
Vacherin,5921,/m/01z65z,"France,Switzerland",,Cow,"Cow milk, cheese, dairy",,,,,,,,,
Tetilla,19439,/m/0d3ftm,Spain,,,"cheese, dairy",,,,,,,,,
Saint-Marcellin,19440,/m/09mbl6,France,,Cow,"Cow milk, cheese, dairy",,,,Soft,,,,,
Rigotte de Condrieu,19441,/m/0b2db_,France,,Domestic goat,"Domestic goat milk, cheese, dairy",,,,,,,,,
Dairylea,19442,/m/02z2rr7,,,,"cheese, dairy",,,,,,,,,
Afuega'l pitu,19443,/m/02q4y4v,Spain,,Cow,"Cow milk, cheese, dairy",,,,,,,,,
Couronne Lochoise,19444,/m/02vv6k1,France,,Domestic goat,"Domestic goat milk, cheese, dairy",,,,,,,,,
Bleu de Gex,19445,/m/027b2gw,France,,Cow,"Cow milk, cheese, dairy",,,,,,,,,
Mahón cheese,19446,/m/027vsfw,Spain,,Cow,"Cow milk, cheese, dairy",,,,,,,,,
Quark,567,/m/02kgf7,"Poland,Germany",,,"cheese, dairy",,,,,,,,,
Chevington cheese,19448,/m/02hjlm,England,,Cow,"Cow milk, cheese, dairy",,,,,,,,,
Bayley Hazen Blue,19449,/m/02h89vl,United States of America,Greensboro,Cow,"Cow milk, cheese, dairy",yes,3 to 4 months,,semi-firm,,,,,
Teleme cheese,19450,/m/02rjvtk,,,,"cheese, dairy",,,,,,,,,
Crottin de Chavignol,19451,/m/06kjyg,France,Loire Valley,Domestic goat,"Domestic goat milk, cheese, dairy",,,,,,,,,
Cooleeney,19452,/m/06q14z,Republic of Ireland,,Cow,"Cow milk, cheese, dairy",,,,,,,,,
Cambozola,6940,/m/04txdh,Germany,,Cow,"Cow milk, cheese, dairy",,,,,,,,,
Cup cheese,19454,/m/03nq7zh,,,,"cheese, dairy",,,,,,,,,
Rauchkäse,19455,/m/02r5wdt,,,,"cheese, dairy",,,,,,,,,
Processed cheese,19456,/m/02kg_6,United States of America,,,"cheese, dairy",,,,,,,,,
Leipäjuusto,19457,/m/0376kx,Finland,,Cow,"Cow milk, cheese, dairy",,,,,,,,,
Mató cheese,19458,/m/0kw1g,Spain,,"Domestic goat,Cow","Domestic goat,Cow milk, cheese, dairy",,,,,,,,,
Brie,19459,/m/01482f,France,Brie,Cow,"Cow milk, cheese, dairy",,at least 4 weeks,,Soft-ripened,,,,,
Banon,19460,/m/078_tb,France,,Domestic goat,"Domestic goat milk, cheese, dairy",,,,Soft-ripened,,,,,
Guyanés cheese,19461,/m/0gl_j2,,,,"cheese, dairy",,,,,,,,,
Muenster cheese,19462,/m/097ybm,United States of America,,Cow,"Cow milk, cheese, dairy",,,,,,,,,
Tibetan cheese,19463,/m/03nn77_,,,,"cheese, dairy",,,,,,,,,
Tomme d'Alsace,19464,/m/04dm3yk,,,,"cheese, dairy",,,,,,,,,
Garrotxa cheese,19465,/m/0dtnyx,Spain,,Domestic goat,"Domestic goat milk, cheese, dairy",,,,,,,,,
Saint-André cheese,19466,/m/04x0pp,France,,Cow,"Cow milk, cheese, dairy",,,,Soft,,,,,
Bleu des Causses,19467,/m/0d_m5x,France,,Cow,"Cow milk, cheese, dairy",,,,,,,,,
Castelo Branco cheese,19468,/m/0bmh9j,,,"Domestic sheep,Domestic goat","Domestic sheep,Domestic goat milk, cheese, dairy",,,,,,,,,
dsafdafda,19469,/m/0h81b13,,,,"cheese, dairy",,,,,,,,,
Pecorino Siciliano,4264,/m/02x0nwz,Italy,,Domestic sheep,"Domestic sheep milk, cheese, dairy",,,,,,,,,
Provolone,9931,/m/026pc21,Italy,,Cow,"Cow milk, cheese, dairy",,,,semi-hard,,,,,
Tintern,19472,/m/026swpc,Wales,,,"cheese, dairy",,,,,,,,,
Dolcelatte,7656,/m/0644kz,Italy,,Cow,"Cow milk, cheese, dairy",,,,,,,,,
Pecorino Romano,9871,/m/068kk,Italy,,Domestic sheep,"Domestic sheep milk, cheese, dairy",,,,hard,,,,,
Stracciatella di Bufala,19475,/m/025wxxc,Italy,,Water Buffalo,"Water Buffalo milk, cheese, dairy",,,,,,,,,
Saint Agur Blue,19476,/m/0260xrb,France,,Cow,"Cow milk, cheese, dairy",,,,,,,,,
Oltermanni,19477,/m/02z3pwg,Finland,,,"cheese, dairy",,,,,,,,,
Mizithra cheese,19478,/m/0260rk,Greece,,"Domestic goat,Domestic sheep","Domestic goat,Domestic sheep milk, cheese, dairy",,,,,,,,,
Reggianito,19479,/m/0gbrgj,Argentina,,Cow,"Cow milk, cheese, dairy",,,,,,,,,
Pélardon,19480,/m/04g2sxj,France,,Domestic goat,"Domestic goat milk, cheese, dairy",,,,,,,,,
Barbara Gilmour,19481,/m/04ybqv2,Scotland,,,"cheese, dairy",,,,,,,,,
Kernhem,19482,/m/04dm3wb,,,,"cheese, dairy",,,,,,,,,
Rushan,19483,/m/03mh_6q,,,,"cheese, dairy",,,,,,,,,
Fromager d'Affinois,19484,/m/03d5rd3,France,,Cow,"Cow milk, cheese, dairy",,,,,,,,,
Bijou,19485,/m/02h8bpx,United States of America,Vermont,Domestic goat,"Domestic goat milk, cheese, dairy",yes,2 weeks,,,,,,,
Beer cheese,19486,/m/0g8pw3,,,,"cheese, dairy",,,,,,,,,
Shropshire Blue cheese,19487,/m/0dt4v4,England,,Cow,"Cow milk, cheese, dairy",,,,,,,,,
Basket cheese,19488,/m/08p_0h,Italy,,Cow,"Cow milk, cheese, dairy",,,,,,,,,
Neufchâtel,19489,/m/0597nk,France,,Cow,"Cow milk, cheese, dairy",,,,,,,,,
Feta,19490,/m/01pk_6,Greece,,"Cow,Domestic goat,Domestic sheep","Cow,Domestic goat,Domestic sheep milk, cheese, dairy",,,,,,,,,
Tenshi Cheese,19491,/m/01xxs3s,,,,"cheese, dairy",,,,,,,,,
Aura,19492,/m/06f171,Finland,,Cow,"Cow milk, cheese, dairy",,,,,,,,,
Kefalograviera,19493,/m/07j5l0,Greece,,Domestic sheep,"Domestic sheep milk, cheese, dairy",,,,,,,,,
Scamorza cheese,19494,/m/0h6cn5,Italy,,Cow,"Cow milk, cheese, dairy",,,,,,,,,
Grana Padano cheese,19495,/m/08bgdn,Italy,,Cow,"Cow milk, cheese, dairy",,,Denominazione di Origine Controllata,,,,,,
Ossau-Iraty,19496,/m/0cnc7r,France,,Domestic sheep,"Domestic sheep milk, cheese, dairy",,,,,,,,,
Bucheron,19497,/m/0c_8bw,France,,Domestic goat,"Domestic goat milk, cheese, dairy",,,,,,,,,
Carré de l'Est,19498,/m/0bd4s2,France,,Cow,"Cow milk, cheese, dairy",,,,,,,,,
Strained yoghurt,19499,/m/02vklym,,,"Cow,Domestic goat,Domestic sheep","Cow,Domestic goat,Domestic sheep milk, cheese, dairy",,,,,,,,,
Saloio,19500,/m/029n5b,,,Domestic sheep,"Domestic sheep milk, cheese, dairy",,,,,,,,,
Urdă,19501,/m/08pzr5,Romania,,,"cheese, dairy",,,,,,,,,
Limburger cheese,19502,/m/0f0xk,Netherlands,,Cow,"Cow milk, cheese, dairy",,,,,,,,,
Burrata,6865,/m/04hmk8,Italy,,"Water Buffalo,Cow","Water Buffalo,Cow milk, cheese, dairy",,,,,,,,,
Murol,19504,/m/04dm3xn,,,,"cheese, dairy",,,,,,,,,
Le Gré des Champs,19505,/m/02rth83,Canada,,Cow,"Cow milk, cheese, dairy",,,,,,,,,
Appenzeller,19506,/m/03h57n,Switzerland,,Cow,"Cow milk, cheese, dairy",,,,,,,,,
Tomme cheese,19507,/m/017kjc,France,,,"cheese, dairy",,,,,,,,,
Durrus Cheese,7763,/m/06q15_,Republic of Ireland,,Cow,"Cow milk, cheese, dairy",,,,,,,,,
Shanklish,19509,/m/087gjw,,,Cow,"Cow milk, cheese, dairy",,,,,,,,,
Beenleigh Blue,19510,/m/02h8b66,England,Devon,Domestic sheep,"Domestic sheep milk, cheese, dairy",yes,4 to 9 months,,semi-soft,,,,,
Pot cheese,19511,/m/02vk8yd,,,,"cheese, dairy",,,,,,,,,
Caşcaval,19512,/m/08pzvn,Romania,,,"cheese, dairy",,,,,,,,,
Leicester cheese,19513,/m/01x58w,England,,Cow,"Cow milk, cheese, dairy",,,,,,,,,
Roncal cheese,19514,/m/03cnfh9,Spain,,Domestic sheep,"Domestic sheep milk, cheese, dairy",,,,,,,,,
Bonchester cheese,19515,/m/028b_0n,Scotland,,Cow,"Cow milk, cheese, dairy",,,,,,,,,
Caprino,6998,/m/03c6gsq,Italy,,Domestic goat,"Domestic goat milk, cheese, dairy",,,,,,,,,
Coulommiers,7435,/m/026_t8p,France,,Cow,"Cow milk, cheese, dairy",,,,,,,,,
Fourme d'Ambert,19518,/m/027b7v6,France,,Cow,"Cow milk, cheese, dairy",,,,,,,,,
Roomano,19519,/m/08gbsm,Netherlands,,Cow,"Cow milk, cheese, dairy",,,,,,,,,
Kadchgall,19520,/m/047p7m8,,,Domestic sheep,"Domestic sheep milk, cheese, dairy",,,,,,,,,
Spinnenkäse,19521,/m/04n3z5,Germany,,,"cheese, dairy",,,,,,,,,
Dutch Cheese Markets,19522,/m/02jrrn,Netherlands,,,"cheese, dairy",,,,,,,,,
Benedictine,9355,/m/02h8b9t,United States of America,Wisconsin,"Domestic goat,Cow,Domestic sheep","Domestic goat,Cow,Domestic sheep milk, cheese, dairy",yes,4 months,,semi-firm,,,,,
Wedginald,19524,/m/03czy08,,,,"cheese, dairy",,,,,,,,,
Bermuda Triangle,19525,/m/02h8bj2,United States of America,McKinleyville,Domestic goat,"Domestic goat milk, cheese, dairy",yes,2 weeks,,semi-soft,,,,,
Sbrinz,19526,/m/03h59w,Switzerland,,Cow,"Cow milk, cheese, dairy",,,,,,,,,
Harbourne Blue,19527,/m/02ptzk_,England,,Domestic goat,"Domestic goat milk, cheese, dairy",,,,,,,,,
Bouq Émissaire,19528,/m/0275fvq,Canada,,Domestic goat,"Domestic goat milk, cheese, dairy",,,,,,,,,
Lincolnshire Poacher,19529,/m/0dt9c5,England,,Cow,"Cow milk, cheese, dairy",,,,,,,,,
Mozzarella di Bufala Campana,19530,/m/0610rv,Italy,,Water Buffalo,"Water Buffalo milk, cheese, dairy",,,,,,,,,
Caruchon Papillion,19531,/m/04dm3t_,,,,"cheese, dairy",,,,,,,,,
Caravane cheese,19532,/m/08q0nd,Mauritania,,Dromedary,"Dromedary milk, cheese, dairy",,,,Soft,,,,,
Anejo Enchilado cheese,19533,/m/0db_p9,,,,"cheese, dairy",,,,,,,,,
Stilton,19534,/m/01pkxv,England,"Nottinghamshire,Derbyshire,Leicestershire",Cow,"Cow milk, cheese, dairy",,,,semi-soft,,,,,
Idiazabal cheese,19535,/m/01x9m9,Spain,,Domestic sheep,"Domestic sheep milk, cheese, dairy",,,,,,,,,
Veldhuizen Greens Creek Cheese,19536,/m/0ch8y_s,,Dublin,,"cheese, dairy",,,,,,,,,
Kwaito cheese,19537,/m/05plz0,South Africa,,,"cheese, dairy",,,,,,,,,
Tilsit cheese,19538,/m/05p_pc,"Denmark,Switzerland,Germany",,Cow,"Cow milk, cheese, dairy",,,,,,,,,
Sakura cheese,19539,/m/0gv8dq,Japan,,,"cheese, dairy",,,,,,,,,
Ilchester Cheese Company,19540,/m/05w0md,England,,,"cheese, dairy",,,,,,,,,
Obatzda,19541,/m/03vj6r,,,,"cheese, dairy",,,,,,,,,
Edam,19542,/m/0m4tt,Netherlands,,Cow,"Cow milk, cheese, dairy",,,,,,,,,
Requesón,19543,/m/027fzhz,,,Cow,"Cow milk, cheese, dairy",,,,,,,,,
St Pat,19544,/m/02h812v,United States of America,Marin County,Cow,"Cow milk, cheese, dairy",,three weeks,,Soft,,,,,
Little Derby,19545,/m/04g1vwp,,,,"cheese, dairy",,,,,,,,,
