variety,scientific_family,processing,food_color_background,food_color_text,datasource,nid,simple_name,name,in_master_cucumis,category,scientific name
Amour,Cucurbitaceae,whole,404426,131313,"Internet research, http://www.reimerseeds.com/, http://www.johnnyseeds.com/",18748,Cucumber,"Cucumber, var. Amour",,"Pickling Cucumber, melon, fruit",Cucumis sativus
Vertina,Cucurbitaceae,whole,404426,131313,"Internet research, http://www.reimerseeds.com/, http://www.johnnyseeds.com/",18749,Cucumber,"Cucumber, var. Vertina",,"Pickling Cucumber, melon, fruit",Cucumis sativus
Northern Pickling,Cucurbitaceae,whole,404426,131313,"Internet research, http://www.reimerseeds.com/, http://www.johnnyseeds.com/",18750,Cucumber,"Cucumber, var. Northern Pickling",,"Pickling Cucumber, melon, fruit",Cucumis sativus
Diamant,Cucurbitaceae,whole,404426,131313,"Internet research, http://www.reimerseeds.com/, http://www.johnnyseeds.com/",18751,Cucumber,"Cucumber, var. Diamant",,"Pickling Cucumber, melon, fruit",Cucumis sativus
Alibi,Cucurbitaceae,whole,404426,131313,"Internet research, http://www.reimerseeds.com/, http://www.johnnyseeds.com/",18752,Cucumber,"Cucumber, var. Alibi",,"Pickling Cucumber, melon, fruit",Cucumis sativus
H-19 Little Leaf,Cucurbitaceae,whole,404426,131313,"Internet research, http://www.reimerseeds.com/, http://www.johnnyseeds.com/",18753,Cucumber,"Cucumber, var. H-19 Little Leaf",,"Pickling Cucumber, melon, fruit",Cucumis sativus
Tasty Jade,Cucurbitaceae,whole,404426,131313,"Internet research, http://www.reimerseeds.com/, http://www.johnnyseeds.com/",18754,Cucumber,"Cucumber, var. Tasty Jade",,"Asian Cucumber, melon, fruit",Cucumis sativus
Suyo Long,Cucurbitaceae,whole,404426,131313,"Internet research, http://www.reimerseeds.com/, http://www.johnnyseeds.com/",18755,Cucumber,"Cucumber, var. Suyo Long",,"Asian Cucumber, melon, fruit",Cucumis sativus
Genuine,Cucurbitaceae,whole,404426,131313,"Internet research, http://www.reimerseeds.com/, http://www.johnnyseeds.com/",18756,Cucumber,"Cucumber, var. Genuine",,"Slicing ""Burpless"" Cucumber Varieties, melon, fruit",Cucumis sativus
Olympian,Cucurbitaceae,whole,404426,131313,"Internet research, http://www.reimerseeds.com/, http://www.johnnyseeds.com/",18757,Cucumber,"Cucumber, var. Olympian",,"Slicing ""Burpless"" Cucumber Varieties, melon, fruit",Cucumis sativus
Marketmore 76,Cucurbitaceae,whole,404426,131313,"Internet research, http://www.reimerseeds.com/, http://www.johnnyseeds.com/",18758,Cucumber,"Cucumber, var. Marketmore 76",Marketmore 76,"Slicing ""Burpless"" Cucumber Varieties, melon, fruit",Cucumis sativus
Poona Kheera,Cucurbitaceae,whole,404426,131313,"Internet research, http://www.reimerseeds.com/, http://www.johnnyseeds.com/",18759,Cucumber,"Cucumber, var. Poona Kheera",Poona Kheera,"Specialty Cucumber Varieties - , melon, fruit",Cucumis sativus
Yellow,Cucurbitaceae,whole,404426,131313,"Internet research, http://www.reimerseeds.com/, http://www.johnnyseeds.com/",18760,Cucumber,"Cucumber, var. Yellow",,"Specialty Cucumber Varieties - , melon, fruit",Cucumis sativus
 White,Cucurbitaceae,whole,404426,131313,"Internet research, http://www.reimerseeds.com/, http://www.johnnyseeds.com/",18761,Cucumber,"Cucumber, var.  White",,"Specialty Cucumber Varieties - , melon, fruit",Cucumis sativus
Painted Serpent,Cucurbitaceae,whole,404426,131313,"Internet research, http://www.reimerseeds.com/, http://www.johnnyseeds.com/",18762,Cucumber,"Cucumber, var. Painted Serpent",,"Specialty Cucumber Varieties - , melon, fruit",Cucumis sativus
Socrates,Cucurbitaceae,whole,404426,131313,"Internet research, http://www.reimerseeds.com/, http://www.johnnyseeds.com/",18763,Cucumber,"Cucumber, var. Socrates",,"Seedless Cucumber Varieties - , melon, fruit",Cucumis sativus
Rocky,Cucurbitaceae,whole,404426,131313,"Internet research, http://www.reimerseeds.com/, http://www.johnnyseeds.com/",18764,Cucumber,"Cucumber, var. Rocky",,"Seedless Cucumber Varieties - , melon, fruit",Cucumis sativus
Tyria,Cucurbitaceae,whole,404426,131313,"Internet research, http://www.reimerseeds.com/, http://www.johnnyseeds.com/",18765,Cucumber,"Cucumber, var. Tyria",,"Seedless Cucumber Varieties - , melon, fruit",Cucumis sativus
Diva,Cucurbitaceae,whole,404426,131313,"Internet research, http://www.reimerseeds.com/, http://www.johnnyseeds.com/",18766,Cucumber,"Cucumber, var. Diva",,"Seedless Cucumber Varieties - , melon, fruit",Cucumis sativus
,Cucurbitaceae,whole,404426,131313,"Internet research, http://www.reimerseeds.com/, http://www.johnnyseeds.com/",18767,Cucumber,,,"Greenhouse Cucumbers, melon, fruit",
Jackson Supreme Cucumbers,Cucurbitaceae,whole,404426,131313,"Internet research, http://www.reimerseeds.com/, http://www.johnnyseeds.com/",18768,Cucumber,"Cucumber, var. Jackson Supreme Cucumbers",,,
Japanese Long Pickling Cucumbers,Cucurbitaceae,whole,404426,131313,"Internet research, http://www.reimerseeds.com/, http://www.johnnyseeds.com/",18769,Cucumber,"Cucumber, var. Japanese Long Pickling Cucumbers",,,
Beit Alpha Cucumbers,Cucurbitaceae,whole,404426,131313,"Internet research, http://www.reimerseeds.com/, http://www.johnnyseeds.com/",18770,Cucumber,"Cucumber, var. Beit Alpha Cucumbers",,"Slicing ""Burpless"" Cucumber Varieties, melon, fruit",
Celebrity Cucumbers,Cucurbitaceae,whole,404426,131313,"Internet research, http://www.reimerseeds.com/, http://www.johnnyseeds.com/",18771,Cucumber,"Cucumber, var. Celebrity Cucumbers",,"Slicing ""Burpless"" Cucumber Varieties, melon, fruit",
Diva Cucumbers,Cucurbitaceae,whole,404426,131313,"Internet research, http://www.reimerseeds.com/, http://www.johnnyseeds.com/",18772,Cucumber,"Cucumber, var. Diva Cucumbers",,"Slicing ""Burpless"" Cucumber Varieties, melon, fruit",
Early Spring Burpless Cucumbers,Cucurbitaceae,whole,404426,131313,"Internet research, http://www.reimerseeds.com/, http://www.johnnyseeds.com/",18773,Cucumber,"Cucumber, var. Early Spring Burpless Cucumbers",,"Slicing ""Burpless"" Cucumber Varieties, melon, fruit",
Greenhouse Long Burpless Cucumbers,Cucurbitaceae,whole,404426,131313,"Internet research, http://www.reimerseeds.com/, http://www.johnnyseeds.com/",18774,Cucumber,"Cucumber, var. Greenhouse Long Burpless Cucumbers",,"Slicing ""Burpless"" Cucumber Varieties, melon, fruit",
Holland Hothouse Cucumbers,Cucurbitaceae,whole,404426,131313,"Internet research, http://www.reimerseeds.com/, http://www.johnnyseeds.com/",18775,Cucumber,"Cucumber, var. Holland Hothouse Cucumbers",,"Slicing ""Burpless"" Cucumber Varieties, melon, fruit",
Suyo Long Cucumbers,Cucurbitaceae,whole,404426,131313,"Internet research, http://www.reimerseeds.com/, http://www.johnnyseeds.com/",18776,Cucumber,"Cucumber, var. Suyo Long Cucumbers",,"Slicing ""Burpless"" Cucumber Varieties, melon, fruit",
Diva Cucumbers,Cucurbitaceae,whole,404426,131313,"Internet research, http://www.reimerseeds.com/, http://www.johnnyseeds.com/",18777,Cucumber,"Cucumber, var. Diva Cucumbers",,"Greenhouse Cucumbers, melon, fruit",
Greenhouse Long Burpless Cucumbers,Cucurbitaceae,whole,404426,131313,"Internet research, http://www.reimerseeds.com/, http://www.johnnyseeds.com/",18778,Cucumber,"Cucumber, var. Greenhouse Long Burpless Cucumbers",,"Greenhouse Cucumbers, melon, fruit",
Holland Hothouse Cucumbers,Cucurbitaceae,whole,404426,131313,"Internet research, http://www.reimerseeds.com/, http://www.johnnyseeds.com/",18779,Cucumber,"Cucumber, var. Holland Hothouse Cucumbers",,"Greenhouse Cucumbers, melon, fruit",
Telegraph Improved Cucumbers,Cucurbitaceae,whole,404426,131313,"Internet research, http://www.reimerseeds.com/, http://www.johnnyseeds.com/",18780,Cucumber,"Cucumber, var. Telegraph Improved Cucumbers",,"Greenhouse Cucumbers, melon, fruit",
,Cucurbitaceae,whole,404426,131313,"Internet research, http://www.reimerseeds.com/, http://www.johnnyseeds.com/",18781,Cucumber,,,,
,Cucurbitaceae,whole,404426,131313,"Internet research, http://www.reimerseeds.com/, http://www.johnnyseeds.com/",18782,Cucumber,,,,
,Cucurbitaceae,whole,404426,131313,"Internet research, http://www.reimerseeds.com/, http://www.johnnyseeds.com/",18783,Cucumber,,,,
,Cucurbitaceae,whole,404426,131313,"Internet research, http://www.reimerseeds.com/, http://www.johnnyseeds.com/",18784,Cucumber,,,"American Pickling, melon, fruit",
,Cucurbitaceae,whole,404426,131313,"Internet research, http://www.reimerseeds.com/, http://www.johnnyseeds.com/",18785,Cucumber,,,"American Slicing, melon, fruit",
,Cucurbitaceae,whole,404426,131313,"Internet research, http://www.reimerseeds.com/, http://www.johnnyseeds.com/",18786,Cucumber,,,"Asian/Burpless, melon, fruit",
,Cucurbitaceae,whole,404426,131313,"Internet research, http://www.reimerseeds.com/, http://www.johnnyseeds.com/",18787,Cucumber,,,"European Pickling, melon, fruit",
,Cucurbitaceae,whole,404426,131313,"Internet research, http://www.reimerseeds.com/, http://www.johnnyseeds.com/",18788,Cucumber,,,"Pickling, melon, fruit",
,Cucurbitaceae,whole,404426,131313,"Internet research, http://www.reimerseeds.com/, http://www.johnnyseeds.com/",18789,Cucumber,,,"Seedless and Thin-Skinned, melon, fruit",
,Cucurbitaceae,whole,404426,131313,"Internet research, http://www.reimerseeds.com/, http://www.johnnyseeds.com/",18790,Cucumber,,,"Specialty, melon, fruit",
,Cucurbitaceae,whole,404426,131313,"Internet research, http://www.reimerseeds.com/, http://www.johnnyseeds.com/",18791,Cucumber,,,"http://www.plantnames.unimelb.edu.au/Sorting/Cucumis.html#sativus, melon, fruit",
,Cucurbitaceae,whole,404426,131313,"Internet research, http://www.reimerseeds.com/, http://www.johnnyseeds.com/",18792,Cucumber,,,"http://www.nature.com/ng/journal/v41/n12/abs/ng.475.html, melon, fruit",
,Cucurbitaceae,whole,404426,131313,"Internet research, http://www.reimerseeds.com/, http://www.johnnyseeds.com/",18793,Cucumber,,,,
,Cucurbitaceae,whole,404426,131313,"Internet research, http://www.reimerseeds.com/, http://www.johnnyseeds.com/",18794,Cucumber,,,,
,Cucurbitaceae,whole,404426,131313,"Internet research, http://www.reimerseeds.com/, http://www.johnnyseeds.com/",18795,Cucumber,,,,
,Cucurbitaceae,whole,404426,131313,"Internet research, http://www.reimerseeds.com/, http://www.johnnyseeds.com/",18796,Cucumber,,,,
,Cucurbitaceae,whole,404426,131313,"Internet research, http://www.reimerseeds.com/, http://www.johnnyseeds.com/",18797,Cucumber,,,,
,Cucurbitaceae,whole,404426,131313,"Internet research, http://www.reimerseeds.com/, http://www.johnnyseeds.com/",18798,Cucumber,,,,
,Cucurbitaceae,whole,404426,131313,"Internet research, http://www.reimerseeds.com/, http://www.johnnyseeds.com/",18799,Cucumber,,,,
,Cucurbitaceae,whole,404426,131313,"Internet research, http://www.reimerseeds.com/, http://www.johnnyseeds.com/",18800,Cucumber,,,,
,Cucurbitaceae,whole,404426,131313,"Internet research, http://www.reimerseeds.com/, http://www.johnnyseeds.com/",18801,Cucumber,,,,
,Cucurbitaceae,whole,404426,131313,"Internet research, http://www.reimerseeds.com/, http://www.johnnyseeds.com/",18802,Cucumber,,,,
,Cucurbitaceae,whole,404426,131313,"Internet research, http://www.reimerseeds.com/, http://www.johnnyseeds.com/",18803,Cucumber,,,,
,Cucurbitaceae,whole,404426,131313,"Internet research, http://www.reimerseeds.com/, http://www.johnnyseeds.com/",18804,Cucumber,,,,
,Cucurbitaceae,whole,404426,131313,"Internet research, http://www.reimerseeds.com/, http://www.johnnyseeds.com/",18805,Cucumber,,,,
Beit Alpha Cucumbers,Cucurbitaceae,whole,404426,131313,"Internet research, http://www.reimerseeds.com/, http://www.johnnyseeds.com/",18806,Cucumber,"Cucumber, var. Beit Alpha Cucumbers",,"Slicing ""Burpless"" Cucumber Varieties, melon, fruit",
Celebrity Cucumbers,Cucurbitaceae,whole,404426,131313,"Internet research, http://www.reimerseeds.com/, http://www.johnnyseeds.com/",18807,Cucumber,"Cucumber, var. Celebrity Cucumbers",,"Slicing ""Burpless"" Cucumber Varieties, melon, fruit",
Diva Cucumbers,Cucurbitaceae,whole,404426,131313,"Internet research, http://www.reimerseeds.com/, http://www.johnnyseeds.com/",18808,Cucumber,"Cucumber, var. Diva Cucumbers",,"Slicing ""Burpless"" Cucumber Varieties, melon, fruit",
Early Spring Burpless Cucumbers,Cucurbitaceae,whole,404426,131313,"Internet research, http://www.reimerseeds.com/, http://www.johnnyseeds.com/",18809,Cucumber,"Cucumber, var. Early Spring Burpless Cucumbers",,"Slicing ""Burpless"" Cucumber Varieties, melon, fruit",
Greenhouse Long Burpless Cucumbers,Cucurbitaceae,whole,404426,131313,"Internet research, http://www.reimerseeds.com/, http://www.johnnyseeds.com/",18810,Cucumber,"Cucumber, var. Greenhouse Long Burpless Cucumbers",,"Slicing ""Burpless"" Cucumber Varieties, melon, fruit",
Holland Hothouse Cucumbers,Cucurbitaceae,whole,404426,131313,"Internet research, http://www.reimerseeds.com/, http://www.johnnyseeds.com/",18811,Cucumber,"Cucumber, var. Holland Hothouse Cucumbers",,"Hothouse Cucumber, melon, fruit",
Suyo Long Cucumbers,Cucurbitaceae,whole,404426,131313,"Internet research, http://www.reimerseeds.com/, http://www.johnnyseeds.com/",18812,Cucumber,"Cucumber, var. Suyo Long Cucumbers",,"Hothouse Cucumber, melon, fruit",
Diva Cucumbers,Cucurbitaceae,whole,404426,131313,"Internet research, http://www.reimerseeds.com/, http://www.johnnyseeds.com/",18813,Cucumber,"Cucumber, var. Diva Cucumbers",,"Hothouse Cucumber, melon, fruit",
Greenhouse Long Burpless Cucumbers,Cucurbitaceae,whole,404426,131313,"Internet research, http://www.reimerseeds.com/, http://www.johnnyseeds.com/",18814,Cucumber,"Cucumber, var. Greenhouse Long Burpless Cucumbers",,"Hothouse Cucumber, melon, fruit",
Holland Hothouse Cucumbers,Cucurbitaceae,whole,404426,131313,"Internet research, http://www.reimerseeds.com/, http://www.johnnyseeds.com/",18815,Cucumber,"Cucumber, var. Holland Hothouse Cucumbers",,"Hothouse Cucumber, melon, fruit",
Telegraph Improved Cucumbers,Cucurbitaceae,whole,404426,131313,"Internet research, http://www.reimerseeds.com/, http://www.johnnyseeds.com/",18816,Cucumber,"Cucumber, var. Telegraph Improved Cucumbers",,"Hothouse Cucumber, melon, fruit",
,Cucurbitaceae,whole,404426,131313,"Internet research, http://www.reimerseeds.com/, http://www.johnnyseeds.com/",18817,Cucumber,,,,
,Cucurbitaceae,whole,404426,131313,"Internet research, http://www.reimerseeds.com/, http://www.johnnyseeds.com/",18818,Cucumber,,,,
,Cucurbitaceae,whole,404426,131313,"Internet research, http://www.reimerseeds.com/, http://www.johnnyseeds.com/",18819,Cucumber,,,,
,Cucurbitaceae,whole,404426,131313,"Internet research, http://www.reimerseeds.com/, http://www.johnnyseeds.com/",18820,Cucumber,,,,
A & C Pickling Cucumbers,Cucurbitaceae,whole,404426,131313,"Internet research, http://www.reimerseeds.com/, http://www.johnnyseeds.com/",18821,Cucumber,"Cucumber, var. A & C Pickling Cucumbers",,"Pickling Cucumber, melon, fruit",
Alibi Cucumbers,Cucurbitaceae,whole,404426,131313,"Internet research, http://www.reimerseeds.com/, http://www.johnnyseeds.com/",18822,Cucumber,"Cucumber, var. Alibi Cucumbers",,"Pickling Cucumber, melon, fruit",
Beit Alpha Cucumbers,Cucurbitaceae,whole,404426,131313,"Internet research, http://www.reimerseeds.com/, http://www.johnnyseeds.com/",18823,Cucumber,"Cucumber, var. Beit Alpha Cucumbers",,"Pickling Cucumber, melon, fruit",
Boothby's Blonde Cucumbers,Cucurbitaceae,whole,404426,131313,"Internet research, http://www.reimerseeds.com/, http://www.johnnyseeds.com/",18824,Cucumber,"Cucumber, var. Boothby's Blonde Cucumbers",,"Pickling Cucumber, melon, fruit",
Boston Pickling Improved Cucumbers,Cucurbitaceae,whole,404426,131313,"Internet research, http://www.reimerseeds.com/, http://www.johnnyseeds.com/",18825,Cucumber,"Cucumber, var. Boston Pickling Improved Cucumbers",,"Pickling Cucumber, melon, fruit",
Bush Pickle Cucumbers,Cucurbitaceae,whole,404426,131313,"Internet research, http://www.reimerseeds.com/, http://www.johnnyseeds.com/",18826,Cucumber,"Cucumber, var. Bush Pickle Cucumbers",,"Pickling Cucumber, melon, fruit",
Carolina Pickling Cucumbers,Cucurbitaceae,whole,404426,131313,"Internet research, http://www.reimerseeds.com/, http://www.johnnyseeds.com/",18827,Cucumber,"Cucumber, var. Carolina Pickling Cucumbers",,"Pickling Cucumber, melon, fruit",
Chicago Pickling Cucumbers,Cucurbitaceae,whole,404426,131313,"Internet research, http://www.reimerseeds.com/, http://www.johnnyseeds.com/",18828,Cucumber,"Cucumber, var. Chicago Pickling Cucumbers",,"Pickling Cucumber, melon, fruit",
Clinton Cucumbers,Cucurbitaceae,whole,404426,131313,"Internet research, http://www.reimerseeds.com/, http://www.johnnyseeds.com/",18829,Cucumber,"Cucumber, var. Clinton Cucumbers",,"Pickling Cucumber, melon, fruit",
Cool Breeze Cucumbers,Cucurbitaceae,whole,404426,131313,"Internet research, http://www.reimerseeds.com/, http://www.johnnyseeds.com/",18830,Cucumber,"Cucumber, var. Cool Breeze Cucumbers",,"Pickling Cucumber, melon, fruit",
Cross Country Cucumbers,Cucurbitaceae,whole,404426,131313,"Internet research, http://www.reimerseeds.com/, http://www.johnnyseeds.com/",18831,Cucumber,"Cucumber, var. Cross Country Cucumbers",,"Pickling Cucumber, melon, fruit",
Crunchy Pickles Cucumbers,Cucurbitaceae,whole,404426,131313,"Internet research, http://www.reimerseeds.com/, http://www.johnnyseeds.com/",18832,Cucumber,"Cucumber, var. Crunchy Pickles Cucumbers",,"Pickling Cucumber, melon, fruit",
Diva Cucumbers,Cucurbitaceae,whole,404426,131313,"Internet research, http://www.reimerseeds.com/, http://www.johnnyseeds.com/",18833,Cucumber,"Cucumber, var. Diva Cucumbers",,"Pickling Cucumber, melon, fruit",
Double Yield Cucumbers,Cucurbitaceae,whole,404426,131313,"Internet research, http://www.reimerseeds.com/, http://www.johnnyseeds.com/",18834,Cucumber,"Cucumber, var. Double Yield Cucumbers",,"Pickling Cucumber, melon, fruit",
Duke Cucumbers,Cucurbitaceae,whole,404426,131313,"Internet research, http://www.reimerseeds.com/, http://www.johnnyseeds.com/",18835,Cucumber,"Cucumber, var. Duke Cucumbers",,"Pickling Cucumber, melon, fruit",
Eureka Cucumbers,Cucurbitaceae,whole,404426,131313,"Internet research, http://www.reimerseeds.com/, http://www.johnnyseeds.com/",18836,Cucumber,"Cucumber, var. Eureka Cucumbers",,"Pickling Cucumber, melon, fruit",
Everbearing Pickling Cucumbers,Cucurbitaceae,whole,404426,131313,"Internet research, http://www.reimerseeds.com/, http://www.johnnyseeds.com/",18837,Cucumber,"Cucumber, var. Everbearing Pickling Cucumbers",,"Pickling Cucumber, melon, fruit",
Extra Long Yamato Cucumbers,Cucurbitaceae,whole,404426,131313,"Internet research, http://www.reimerseeds.com/, http://www.johnnyseeds.com/",18838,Cucumber,"Cucumber, var. Extra Long Yamato Cucumbers",,"Pickling Cucumber, melon, fruit",
Fancipak Cucumbers,Cucurbitaceae,whole,404426,131313,"Internet research, http://www.reimerseeds.com/, http://www.johnnyseeds.com/",18839,Cucumber,"Cucumber, var. Fancipak Cucumbers",,"Pickling Cucumber, melon, fruit",
Homemade Pickles Cucumbers,Cucurbitaceae,whole,404426,131313,"Internet research, http://www.reimerseeds.com/, http://www.johnnyseeds.com/",18840,Cucumber,"Cucumber, var. Homemade Pickles Cucumbers",,"Pickling Cucumber, melon, fruit",
Japanese Long Pickling Cucumbers,Cucurbitaceae,whole,404426,131313,"Internet research, http://www.reimerseeds.com/, http://www.johnnyseeds.com/",18841,Cucumber,"Cucumber, var. Japanese Long Pickling Cucumbers",,"Pickling Cucumber, melon, fruit",
Little Leaf Cucumbers,Cucurbitaceae,whole,404426,131313,"Internet research, http://www.reimerseeds.com/, http://www.johnnyseeds.com/",18842,Cucumber,"Cucumber, var. Little Leaf Cucumbers",,"Pickling Cucumber, melon, fruit",
Mexican Sour Gherkin Cucumbers,Cucurbitaceae,whole,404426,131313,"Internet research, http://www.reimerseeds.com/, http://www.johnnyseeds.com/",18843,Cucumber,"Cucumber, var. Mexican Sour Gherkin Cucumbers",,"Pickling Cucumber, melon, fruit",
Miniature White Cucumbers,Cucurbitaceae,whole,404426,131313,"Internet research, http://www.reimerseeds.com/, http://www.johnnyseeds.com/",18844,Cucumber,"Cucumber, var. Miniature White Cucumbers",,"Pickling Cucumber, melon, fruit",
Miss Pickler Cucumbers,Cucurbitaceae,whole,404426,131313,"Internet research, http://www.reimerseeds.com/, http://www.johnnyseeds.com/",18845,Cucumber,"Cucumber, var. Miss Pickler Cucumbers",,"Pickling Cucumber, melon, fruit",
Muncher Cucumbers,Cucurbitaceae,whole,404426,131313,"Internet research, http://www.reimerseeds.com/, http://www.johnnyseeds.com/",18846,Cucumber,"Cucumber, var. Muncher Cucumbers",,"Pickling Cucumber, melon, fruit",
National Pickling Improved Cucumbers,Cucurbitaceae,whole,404426,131313,"Internet research, http://www.reimerseeds.com/, http://www.johnnyseeds.com/",18847,Cucumber,"Cucumber, var. National Pickling Improved Cucumbers",,"Pickling Cucumber, melon, fruit",
Northern Pickling Cucumbers,Cucurbitaceae,whole,404426,131313,"Internet research, http://www.reimerseeds.com/, http://www.johnnyseeds.com/",18848,Cucumber,"Cucumber, var. Northern Pickling Cucumbers",,"Pickling Cucumber, melon, fruit",
Patio Pickles Cucumbers,Cucurbitaceae,whole,404426,131313,"Internet research, http://www.reimerseeds.com/, http://www.johnnyseeds.com/",18849,Cucumber,"Cucumber, var. Patio Pickles Cucumbers",,"Pickling Cucumber, melon, fruit",
Persian Middle East Cucumbers,Cucurbitaceae,whole,404426,131313,"Internet research, http://www.reimerseeds.com/, http://www.johnnyseeds.com/",18850,Cucumber,"Cucumber, var. Persian Middle East Cucumbers",,"Pickling Cucumber, melon, fruit",
Regal Cucumbers,Cucurbitaceae,whole,404426,131313,"Internet research, http://www.reimerseeds.com/, http://www.johnnyseeds.com/",18851,Cucumber,"Cucumber, var. Regal Cucumbers",,"Pickling Cucumber, melon, fruit",
Rhinish Pickle Cucumbers,Cucurbitaceae,whole,404426,131313,"Internet research, http://www.reimerseeds.com/, http://www.johnnyseeds.com/",18852,Cucumber,"Cucumber, var. Rhinish Pickle Cucumbers",,"Pickling Cucumber, melon, fruit",
Royal Cucumbers,Cucurbitaceae,whole,404426,131313,"Internet research, http://www.reimerseeds.com/, http://www.johnnyseeds.com/",18853,Cucumber,"Cucumber, var. Royal Cucumbers",,"Pickling Cucumber, melon, fruit",
Sumter Cucumbers,Cucurbitaceae,whole,404426,131313,"Internet research, http://www.reimerseeds.com/, http://www.johnnyseeds.com/",18854,Cucumber,"Cucumber, var. Sumter Cucumbers",,"Pickling Cucumber, melon, fruit",
Sweeter Yet Cucumbers,Cucurbitaceae,whole,404426,131313,"Internet research, http://www.reimerseeds.com/, http://www.johnnyseeds.com/",18855,Cucumber,"Cucumber, var. Sweeter Yet Cucumbers",,"Pickling Cucumber, melon, fruit",
Transamerica Cucumbers,Cucurbitaceae,whole,404426,131313,"Internet research, http://www.reimerseeds.com/, http://www.johnnyseeds.com/",18856,Cucumber,"Cucumber, var. Transamerica Cucumbers",,"Pickling Cucumber, melon, fruit",
Vert de Massy Cucumbers,Cucurbitaceae,whole,404426,131313,"Internet research, http://www.reimerseeds.com/, http://www.johnnyseeds.com/",18857,Cucumber,"Cucumber, var. Vert de Massy Cucumbers",,"Pickling Cucumber, melon, fruit",
Wautoma Cucumbers,Cucurbitaceae,whole,404426,131313,"Internet research, http://www.reimerseeds.com/, http://www.johnnyseeds.com/",18858,Cucumber,"Cucumber, var. Wautoma Cucumbers",,"Pickling Cucumber, melon, fruit",
West India Gherkin Cucumbers,Cucurbitaceae,whole,404426,131313,"Internet research, http://www.reimerseeds.com/, http://www.johnnyseeds.com/",18859,Cucumber,"Cucumber, var. West India Gherkin Cucumbers",,"Pickling Cucumber, melon, fruit",
White Long Cucumbers,Cucurbitaceae,whole,404426,131313,"Internet research, http://www.reimerseeds.com/, http://www.johnnyseeds.com/",18860,Cucumber,"Cucumber, var. White Long Cucumbers",,"Pickling Cucumber, melon, fruit",
Wisconsin SMR 58 Cucumbers,Cucurbitaceae,whole,404426,131313,"Internet research, http://www.reimerseeds.com/, http://www.johnnyseeds.com/",18861,Cucumber,"Cucumber, var. Wisconsin SMR 58 Cucumbers",,"Pickling Cucumber, melon, fruit",
Yellow Submarine Cucumbers,Cucurbitaceae,whole,404426,131313,"Internet research, http://www.reimerseeds.com/, http://www.johnnyseeds.com/",18862,Cucumber,"Cucumber, var. Yellow Submarine Cucumbers",,"Pickling Cucumber, melon, fruit",
County Fair Cucumbers,Cucurbitaceae,whole,404426,131313,"Internet research, http://www.reimerseeds.com/, http://www.johnnyseeds.com/",18863,Cucumber,"Cucumber, var. County Fair Cucumbers",,"Pickling Cucumber, melon, fruit",
Snow's Fancy Pickling Cucumbers,Cucurbitaceae,whole,404426,131313,"Internet research, http://www.reimerseeds.com/, http://www.johnnyseeds.com/",18864,Cucumber,"Cucumber, var. Snow's Fancy Pickling Cucumbers",,"Pickling Cucumber, melon, fruit",
Poona Keera Cucumbers,Cucurbitaceae,whole,404426,131313,"Internet research, http://www.reimerseeds.com/, http://www.johnnyseeds.com/",18865,Cucumber,"Cucumber, var. Poona Keera Cucumbers",,"Pickling Cucumber, melon, fruit",
Delikatess Cucumbers,Cucurbitaceae,whole,404426,131313,"Internet research, http://www.reimerseeds.com/, http://www.johnnyseeds.com/",18866,Cucumber,"Cucumber, var. Delikatess Cucumbers",,"Pickling Cucumber, melon, fruit",
Jackson Classic Cucumbers,Cucurbitaceae,whole,404426,131313,"Internet research, http://www.reimerseeds.com/, http://www.johnnyseeds.com/",18867,Cucumber,"Cucumber, var. Jackson Classic Cucumbers",,"Pickling Cucumber, melon, fruit",
,Cucurbitaceae,whole,404426,131313,"Internet research, http://www.reimerseeds.com/, http://www.johnnyseeds.com/",18868,Cucumber,,,,
,Cucurbitaceae,whole,404426,131313,"Internet research, http://www.reimerseeds.com/, http://www.johnnyseeds.com/",18869,Cucumber,,,,
,Cucurbitaceae,whole,404426,131313,"Internet research, http://www.reimerseeds.com/, http://www.johnnyseeds.com/",18870,Cucumber,,,,
,Cucurbitaceae,whole,404426,131313,"Internet research, http://www.reimerseeds.com/, http://www.johnnyseeds.com/",18871,Cucumber,,,,
A & C Pickling Cucumbers,Cucurbitaceae,whole,404426,131313,"Internet research, http://www.reimerseeds.com/, http://www.johnnyseeds.com/",18872,Cucumber,"Cucumber, var. A & C Pickling Cucumbers",,"Slicing Cucumber, melon, fruit",
Addis Cucumbers,Cucurbitaceae,whole,404426,131313,"Internet research, http://www.reimerseeds.com/, http://www.johnnyseeds.com/",18873,Cucumber,"Cucumber, var. Addis Cucumbers",,"Slicing Cucumber, melon, fruit",
African Horned Cucumbers,Cucurbitaceae,whole,404426,131313,"Internet research, http://www.reimerseeds.com/, http://www.johnnyseeds.com/",18874,Cucumber,"Cucumber, var. African Horned Cucumbers",,"Slicing Cucumber, melon, fruit",
Armenian Metki Dark Green Cucumbers,Cucurbitaceae,whole,404426,131313,"Internet research, http://www.reimerseeds.com/, http://www.johnnyseeds.com/",18875,Cucumber,"Cucumber, var. Armenian Metki Dark Green Cucumbers",,"Slicing Cucumber, melon, fruit",
Armenian Metki Striped Painted Serpente Cucumbers,Cucurbitaceae,whole,404426,131313,"Internet research, http://www.reimerseeds.com/, http://www.johnnyseeds.com/",18876,Cucumber,"Cucumber, var. Armenian Metki Striped Painted Serpente Cucumbers",,"Slicing Cucumber, melon, fruit",
Armenian Metki White Cucumbers,Cucurbitaceae,whole,404426,131313,"Internet research, http://www.reimerseeds.com/, http://www.johnnyseeds.com/",18877,Cucumber,"Cucumber, var. Armenian Metki White Cucumbers",,"Slicing Cucumber, melon, fruit",
Armenian Yard Long Cucumbers,Cucurbitaceae,whole,404426,131313,"Internet research, http://www.reimerseeds.com/, http://www.johnnyseeds.com/",18878,Cucumber,"Cucumber, var. Armenian Yard Long Cucumbers",,"Slicing Cucumber, melon, fruit",
Ashley Cucumbers,Cucurbitaceae,whole,404426,131313,"Internet research, http://www.reimerseeds.com/, http://www.johnnyseeds.com/",18879,Cucumber,"Cucumber, var. Ashley Cucumbers",,"Slicing Cucumber, melon, fruit",
Beit Alpha Cucumbers,Cucurbitaceae,whole,404426,131313,"Internet research, http://www.reimerseeds.com/, http://www.johnnyseeds.com/",18880,Cucumber,"Cucumber, var. Beit Alpha Cucumbers",,"Slicing Cucumber, melon, fruit",
Bianco Lungo Cucumbers,Cucurbitaceae,whole,404426,131313,"Internet research, http://www.reimerseeds.com/, http://www.johnnyseeds.com/",18881,Cucumber,"Cucumber, var. Bianco Lungo Cucumbers",,"Slicing Cucumber, melon, fruit",
Boothby's Blonde Cucumbers,Cucurbitaceae,whole,404426,131313,"Internet research, http://www.reimerseeds.com/, http://www.johnnyseeds.com/",18882,Cucumber,"Cucumber, var. Boothby's Blonde Cucumbers",,"Slicing Cucumber, melon, fruit",
Bush Crop Cucumbers,Cucurbitaceae,whole,404426,131313,"Internet research, http://www.reimerseeds.com/, http://www.johnnyseeds.com/",18883,Cucumber,"Cucumber, var. Bush Crop Cucumbers",,"Slicing Cucumber, melon, fruit",
Calypso Cucumbers,Cucurbitaceae,whole,404426,131313,"Internet research, http://www.reimerseeds.com/, http://www.johnnyseeds.com/",18884,Cucumber,"Cucumber, var. Calypso Cucumbers",,"Slicing Cucumber, melon, fruit",
Celebrity Cucumbers ,Cucurbitaceae,whole,404426,131313,"Internet research, http://www.reimerseeds.com/, http://www.johnnyseeds.com/",18885,Cucumber,"Cucumber, var. Celebrity Cucumbers ",,"Slicing Cucumber, melon, fruit",
Chinese Snake Curved Cucumbers,Cucurbitaceae,whole,404426,131313,"Internet research, http://www.reimerseeds.com/, http://www.johnnyseeds.com/",18886,Cucumber,"Cucumber, var. Chinese Snake Curved Cucumbers",,"Slicing Cucumber, melon, fruit",
Chinese Snake Straight Cucumbers,Cucurbitaceae,whole,404426,131313,"Internet research, http://www.reimerseeds.com/, http://www.johnnyseeds.com/",18887,Cucumber,"Cucumber, var. Chinese Snake Straight Cucumbers",,"Slicing Cucumber, melon, fruit",
Competitor Cucumbers,Cucurbitaceae,whole,404426,131313,"Internet research, http://www.reimerseeds.com/, http://www.johnnyseeds.com/",18888,Cucumber,"Cucumber, var. Competitor Cucumbers",,"Slicing Cucumber, melon, fruit",
Dasher II Cucumbers,Cucurbitaceae,whole,404426,131313,"Internet research, http://www.reimerseeds.com/, http://www.johnnyseeds.com/",18889,Cucumber,"Cucumber, var. Dasher II Cucumbers",,"Slicing Cucumber, melon, fruit",
Diva Cucumbers,Cucurbitaceae,whole,404426,131313,"Internet research, http://www.reimerseeds.com/, http://www.johnnyseeds.com/",18890,Cucumber,"Cucumber, var. Diva Cucumbers",,"Slicing Cucumber, melon, fruit",
Early Fortune Cucumbers,Cucurbitaceae,whole,404426,131313,"Internet research, http://www.reimerseeds.com/, http://www.johnnyseeds.com/",18891,Cucumber,"Cucumber, var. Early Fortune Cucumbers",,"Slicing Cucumber, melon, fruit",
Early Green Cluster Cucumbers ,Cucurbitaceae,whole,404426,131313,"Internet research, http://www.reimerseeds.com/, http://www.johnnyseeds.com/",18892,Cucumber,"Cucumber, var. Early Green Cluster Cucumbers ",,"Slicing Cucumber, melon, fruit",
Early Spring Burpless Cucumbers,Cucurbitaceae,whole,404426,131313,"Internet research, http://www.reimerseeds.com/, http://www.johnnyseeds.com/",18893,Cucumber,"Cucumber, var. Early Spring Burpless Cucumbers",,"Slicing Cucumber, melon, fruit",
Early Triumph Cucumbers,Cucurbitaceae,whole,404426,131313,"Internet research, http://www.reimerseeds.com/, http://www.johnnyseeds.com/",18894,Cucumber,"Cucumber, var. Early Triumph Cucumbers",,"Slicing Cucumber, melon, fruit",
Eureka Cucumbers,Cucurbitaceae,whole,404426,131313,"Internet research, http://www.reimerseeds.com/, http://www.johnnyseeds.com/",18895,Cucumber,"Cucumber, var. Eureka Cucumbers",,"Slicing Cucumber, melon, fruit",
Extra Long Yamato Cucumbers,Cucurbitaceae,whole,404426,131313,"Internet research, http://www.reimerseeds.com/, http://www.johnnyseeds.com/",18896,Cucumber,"Cucumber, var. Extra Long Yamato Cucumbers",,"Slicing Cucumber, melon, fruit",
Fanfare Cucumbers,Cucurbitaceae,whole,404426,131313,"Internet research, http://www.reimerseeds.com/, http://www.johnnyseeds.com/",18897,Cucumber,"Cucumber, var. Fanfare Cucumbers",,"Slicing Cucumber, melon, fruit",
General Lee Cucumbers,Cucurbitaceae,whole,404426,131313,"Internet research, http://www.reimerseeds.com/, http://www.johnnyseeds.com/",18898,Cucumber,"Cucumber, var. General Lee Cucumbers",,"Slicing Cucumber, melon, fruit",
Green Slam Cucumbers,Cucurbitaceae,whole,404426,131313,"Internet research, http://www.reimerseeds.com/, http://www.johnnyseeds.com/",18899,Cucumber,"Cucumber, var. Green Slam Cucumbers",,"Slicing Cucumber, melon, fruit",
Greenhouse Long Burpless Cucumbers,Cucurbitaceae,whole,404426,131313,"Internet research, http://www.reimerseeds.com/, http://www.johnnyseeds.com/",18900,Cucumber,"Cucumber, var. Greenhouse Long Burpless Cucumbers",,"Slicing Cucumber, melon, fruit",
Holland Hothouse Cucumbers,Cucurbitaceae,whole,404426,131313,"Internet research, http://www.reimerseeds.com/, http://www.johnnyseeds.com/",18901,Cucumber,"Cucumber, var. Holland Hothouse Cucumbers",,"Slicing Cucumber, melon, fruit",
Indy Cucumbers,Cucurbitaceae,whole,404426,131313,"Internet research, http://www.reimerseeds.com/, http://www.johnnyseeds.com/",18902,Cucumber,"Cucumber, var. Indy Cucumbers",,"Slicing Cucumber, melon, fruit",
Japanese Climbing Cucumbers,Cucurbitaceae,whole,404426,131313,"Internet research, http://www.reimerseeds.com/, http://www.johnnyseeds.com/",18903,Cucumber,"Cucumber, var. Japanese Climbing Cucumbers",,"Slicing Cucumber, melon, fruit",
Lemon Cucumbers,Cucurbitaceae,whole,404426,131313,"Internet research, http://www.reimerseeds.com/, http://www.johnnyseeds.com/",18904,Cucumber,"Cucumber, var. Lemon Cucumbers",,"Slicing Cucumber, melon, fruit",
Long Green Improved Cucumbers,Cucurbitaceae,whole,404426,131313,"Internet research, http://www.reimerseeds.com/, http://www.johnnyseeds.com/",18905,Cucumber,"Cucumber, var. Long Green Improved Cucumbers",,"Slicing Cucumber, melon, fruit",
Marketer Cucumbers,Cucurbitaceae,whole,404426,131313,"Internet research, http://www.reimerseeds.com/, http://www.johnnyseeds.com/",18906,Cucumber,"Cucumber, var. Marketer Cucumbers",,"Slicing Cucumber, melon, fruit",
Marketmore 76 Cucumbers,Cucurbitaceae,whole,404426,131313,"Internet research, http://www.reimerseeds.com/, http://www.johnnyseeds.com/",18907,Cucumber,"Cucumber, var. Marketmore 76 Cucumbers",,"Slicing Cucumber, melon, fruit",
Marketmore 86 Cucumbers,Cucurbitaceae,whole,404426,131313,"Internet research, http://www.reimerseeds.com/, http://www.johnnyseeds.com/",18908,Cucumber,"Cucumber, var. Marketmore 86 Cucumbers",,"Slicing Cucumber, melon, fruit",
Olympian Cucumbers,Cucurbitaceae,whole,404426,131313,"Internet research, http://www.reimerseeds.com/, http://www.johnnyseeds.com/",18909,Cucumber,"Cucumber, var. Olympian Cucumbers",,"Slicing Cucumber, melon, fruit",
Orient Express Cucumbers,Cucurbitaceae,whole,404426,131313,"Internet research, http://www.reimerseeds.com/, http://www.johnnyseeds.com/",18910,Cucumber,"Cucumber, var. Orient Express Cucumbers",,"Slicing Cucumber, melon, fruit",
Palace Pride Cucumbers,Cucurbitaceae,whole,404426,131313,"Internet research, http://www.reimerseeds.com/, http://www.johnnyseeds.com/",18911,Cucumber,"Cucumber, var. Palace Pride Cucumbers",,"Slicing Cucumber, melon, fruit",
Persian Middle East Cucumbers,Cucurbitaceae,whole,404426,131313,"Internet research, http://www.reimerseeds.com/, http://www.johnnyseeds.com/",18912,Cucumber,"Cucumber, var. Persian Middle East Cucumbers",,"Slicing Cucumber, melon, fruit",
Pioneer Cucumbers,Cucurbitaceae,whole,404426,131313,"Internet research, http://www.reimerseeds.com/, http://www.johnnyseeds.com/",18913,Cucumber,"Cucumber, var. Pioneer Cucumbers",,"Slicing Cucumber, melon, fruit",
Pointsett 76 Cucumbers,Cucurbitaceae,whole,404426,131313,"Internet research, http://www.reimerseeds.com/, http://www.johnnyseeds.com/",18914,Cucumber,"Cucumber, var. Pointsett 76 Cucumbers",,"Slicing Cucumber, melon, fruit",
Raider Cucumbers,Cucurbitaceae,whole,404426,131313,"Internet research, http://www.reimerseeds.com/, http://www.johnnyseeds.com/",18915,Cucumber,"Cucumber, var. Raider Cucumbers",,"Slicing Cucumber, melon, fruit",
Rockingham Cucumbers,Cucurbitaceae,whole,404426,131313,"Internet research, http://www.reimerseeds.com/, http://www.johnnyseeds.com/",18916,Cucumber,"Cucumber, var. Rockingham Cucumbers",,"Slicing Cucumber, melon, fruit",
Salad Bush Cucumbers,Cucurbitaceae,whole,404426,131313,"Internet research, http://www.reimerseeds.com/, http://www.johnnyseeds.com/",18917,Cucumber,"Cucumber, var. Salad Bush Cucumbers",,"Slicing Cucumber, melon, fruit",
Serpente Cinese Cucumbers,Cucurbitaceae,whole,404426,131313,"Internet research, http://www.reimerseeds.com/, http://www.johnnyseeds.com/",18918,Cucumber,"Cucumber, var. Serpente Cinese Cucumbers",,"Slicing Cucumber, melon, fruit",
Slicemaster Cucumbers,Cucurbitaceae,whole,404426,131313,"Internet research, http://www.reimerseeds.com/, http://www.johnnyseeds.com/",18919,Cucumber,"Cucumber, var. Slicemaster Cucumbers",,"Slicing Cucumber, melon, fruit",
Spacemaster 80 Cucumbers,Cucurbitaceae,whole,404426,131313,"Internet research, http://www.reimerseeds.com/, http://www.johnnyseeds.com/",18920,Cucumber,"Cucumber, var. Spacemaster 80 Cucumbers",,"Slicing Cucumber, melon, fruit",
Spacemaster Cucumbers,Cucurbitaceae,whole,404426,131313,"Internet research, http://www.reimerseeds.com/, http://www.johnnyseeds.com/",18921,Cucumber,"Cucumber, var. Spacemaster Cucumbers",,"Slicing Cucumber, melon, fruit",
Speedway Cucumbers,Cucurbitaceae,whole,404426,131313,"Internet research, http://www.reimerseeds.com/, http://www.johnnyseeds.com/",18922,Cucumber,"Cucumber, var. Speedway Cucumbers",,"Slicing Cucumber, melon, fruit",
Stonewall Cucumbers,Cucurbitaceae,whole,404426,131313,"Internet research, http://www.reimerseeds.com/, http://www.johnnyseeds.com/",18923,Cucumber,"Cucumber, var. Stonewall Cucumbers",,"Slicing Cucumber, melon, fruit",
Straight Eight Cucumbers,Cucurbitaceae,whole,404426,131313,"Internet research, http://www.reimerseeds.com/, http://www.johnnyseeds.com/",18924,Cucumber,"Cucumber, var. Straight Eight Cucumbers",,"Slicing Cucumber, melon, fruit",
Straight Nine Cucumbers,Cucurbitaceae,whole,404426,131313,"Internet research, http://www.reimerseeds.com/, http://www.johnnyseeds.com/",18925,Cucumber,"Cucumber, var. Straight Nine Cucumbers",,"Slicing Cucumber, melon, fruit",
Striped Armenian Cucumbers,Cucurbitaceae,whole,404426,131313,"Internet research, http://www.reimerseeds.com/, http://www.johnnyseeds.com/",18926,Cucumber,"Cucumber, var. Striped Armenian Cucumbers",,"Slicing Cucumber, melon, fruit",
Suyo Long Cucumbers,Cucurbitaceae,whole,404426,131313,"Internet research, http://www.reimerseeds.com/, http://www.johnnyseeds.com/",18927,Cucumber,"Cucumber, var. Suyo Long Cucumbers",,"Slicing Cucumber, melon, fruit",
Sweet Success Cucumbers,Cucurbitaceae,whole,404426,131313,"Internet research, http://www.reimerseeds.com/, http://www.johnnyseeds.com/",18928,Cucumber,"Cucumber, var. Sweet Success Cucumbers",,"Slicing Cucumber, melon, fruit",
Sweeter Yet Cucumbers,Cucurbitaceae,whole,404426,131313,"Internet research, http://www.reimerseeds.com/, http://www.johnnyseeds.com/",18929,Cucumber,"Cucumber, var. Sweeter Yet Cucumbers",,"Slicing Cucumber, melon, fruit",
Tasty Green Cucumbers,Cucurbitaceae,whole,404426,131313,"Internet research, http://www.reimerseeds.com/, http://www.johnnyseeds.com/",18930,Cucumber,"Cucumber, var. Tasty Green Cucumbers",,"Slicing Cucumber, melon, fruit",
Tasty Jade Cucumbers,Cucurbitaceae,whole,404426,131313,"Internet research, http://www.reimerseeds.com/, http://www.johnnyseeds.com/",18931,Cucumber,"Cucumber, var. Tasty Jade Cucumbers",,"Slicing Cucumber, melon, fruit",
Tasty King Cucumbers,Cucurbitaceae,whole,404426,131313,"Internet research, http://www.reimerseeds.com/, http://www.johnnyseeds.com/",18932,Cucumber,"Cucumber, var. Tasty King Cucumbers",,"Slicing Cucumber, melon, fruit",
Tendergreen Cucumbers,Cucurbitaceae,whole,404426,131313,"Internet research, http://www.reimerseeds.com/, http://www.johnnyseeds.com/",18933,Cucumber,"Cucumber, var. Tendergreen Cucumbers",,"Slicing Cucumber, melon, fruit",
Thunder Cucumbers,Cucurbitaceae,whole,404426,131313,"Internet research, http://www.reimerseeds.com/, http://www.johnnyseeds.com/",18934,Cucumber,"Cucumber, var. Thunder Cucumbers",,"Slicing Cucumber, melon, fruit",
Tortarello Verde Scuro Cucumbers,Cucurbitaceae,whole,404426,131313,"Internet research, http://www.reimerseeds.com/, http://www.johnnyseeds.com/",18935,Cucumber,"Cucumber, var. Tortarello Verde Scuro Cucumbers",,"Slicing Cucumber, melon, fruit",
Turbo Cucumbers,Cucurbitaceae,whole,404426,131313,"Internet research, http://www.reimerseeds.com/, http://www.johnnyseeds.com/",18936,Cucumber,"Cucumber, var. Turbo Cucumbers",,"Slicing Cucumber, melon, fruit",
White Wonder Cucumbers,Cucurbitaceae,whole,404426,131313,"Internet research, http://www.reimerseeds.com/, http://www.johnnyseeds.com/",18937,Cucumber,"Cucumber, var. White Wonder Cucumbers",,"Slicing Cucumber, melon, fruit",
Marketmore 97 Cucumbers,Cucurbitaceae,whole,404426,131313,"Internet research, http://www.reimerseeds.com/, http://www.johnnyseeds.com/",18938,Cucumber,"Cucumber, var. Marketmore 97 Cucumbers",,"Slicing Cucumber, melon, fruit",
Telegraph Improved Cucumbers,Cucurbitaceae,whole,404426,131313,"Internet research, http://www.reimerseeds.com/, http://www.johnnyseeds.com/",18939,Cucumber,"Cucumber, var. Telegraph Improved Cucumbers",,"Slicing Cucumber, melon, fruit",
Langelang Giant Cucumbers,Cucurbitaceae,whole,404426,131313,"Internet research, http://www.reimerseeds.com/, http://www.johnnyseeds.com/",18940,Cucumber,"Cucumber, var. Langelang Giant Cucumbers",,"Slicing Cucumber, melon, fruit",
County Fair Cucumbers,Cucurbitaceae,whole,404426,131313,"Internet research, http://www.reimerseeds.com/, http://www.johnnyseeds.com/",18941,Cucumber,"Cucumber, var. County Fair Cucumbers",,"Slicing Cucumber, melon, fruit",
Heike Cucumbers ,Cucurbitaceae,whole,404426,131313,"Internet research, http://www.reimerseeds.com/, http://www.johnnyseeds.com/",18942,Cucumber,"Cucumber, var. Heike Cucumbers ",,"Slicing Cucumber, melon, fruit",
Poona Keera Cucumbers,Cucurbitaceae,whole,404426,131313,"Internet research, http://www.reimerseeds.com/, http://www.johnnyseeds.com/",18943,Cucumber,"Cucumber, var. Poona Keera Cucumbers",,"Slicing Cucumber, melon, fruit",
Sweet Slice Cucumbers,Cucurbitaceae,whole,404426,131313,"Internet research, http://www.reimerseeds.com/, http://www.johnnyseeds.com/",18944,Cucumber,"Cucumber, var. Sweet Slice Cucumbers",,"Slicing Cucumber, melon, fruit",
,Cucurbitaceae,whole,404426,131313,"Internet research, http://www.reimerseeds.com/, http://www.johnnyseeds.com/",18945,Cucumber,,,,
,Cucurbitaceae,whole,404426,131313,"Internet research, http://www.reimerseeds.com/, http://www.johnnyseeds.com/",18946,Cucumber,,,,
Diva,Cucurbitaceae,whole,404426,131313,"Internet research, http://www.reimerseeds.com/, http://www.johnnyseeds.com/",18947,Cucumber,"Cucumber, var. Diva",,,
Corinto,Cucurbitaceae,whole,404426,131313,"Internet research, http://www.reimerseeds.com/, http://www.johnnyseeds.com/",18948,Cucumber,"Cucumber, var. Corinto",,,
Tasty Jade,Cucurbitaceae,whole,404426,131313,"Internet research, http://www.reimerseeds.com/, http://www.johnnyseeds.com/",18949,Cucumber,"Cucumber, var. Tasty Jade",,,
H-19 Little Leaf,Cucurbitaceae,whole,404426,131313,"Internet research, http://www.reimerseeds.com/, http://www.johnnyseeds.com/",18950,Cucumber,"Cucumber, var. H-19 Little Leaf",,,
Northern Pickling,Cucurbitaceae,whole,404426,131313,"Internet research, http://www.reimerseeds.com/, http://www.johnnyseeds.com/",18951,Cucumber,"Cucumber, var. Northern Pickling",,,
Lemon,Cucurbitaceae,whole,404426,131313,"Internet research, http://www.reimerseeds.com/, http://www.johnnyseeds.com/",18952,Cucumber,"Cucumber, var. Lemon",,,
Marketmore 76,Cucurbitaceae,whole,404426,131313,"Internet research, http://www.reimerseeds.com/, http://www.johnnyseeds.com/",18953,Cucumber,"Cucumber, var. Marketmore 76",Marketmore 76,,
Salt & Pepper,Cucurbitaceae,whole,404426,131313,"Internet research, http://www.reimerseeds.com/, http://www.johnnyseeds.com/",18954,Cucumber,"Cucumber, var. Salt & Pepper",,,
Miniature White,Cucurbitaceae,whole,404426,131313,"Internet research, http://www.reimerseeds.com/, http://www.johnnyseeds.com/",18955,Cucumber,"Cucumber, var. Miniature White",,,
Sultan,Cucurbitaceae,whole,404426,131313,"Internet research, http://www.reimerseeds.com/, http://www.johnnyseeds.com/",18956,Cucumber,"Cucumber, var. Sultan",,,
Alibi,Cucurbitaceae,whole,404426,131313,"Internet research, http://www.reimerseeds.com/, http://www.johnnyseeds.com/",18957,Cucumber,"Cucumber, var. Alibi",,,
Harmonie,Cucurbitaceae,whole,404426,131313,"Internet research, http://www.reimerseeds.com/, http://www.johnnyseeds.com/",18958,Cucumber,"Cucumber, var. Harmonie",,,
Rocky,Cucurbitaceae,whole,404426,131313,"Internet research, http://www.reimerseeds.com/, http://www.johnnyseeds.com/",18959,Cucumber,"Cucumber, var. Rocky",,,
Striped Armenian,Cucurbitaceae,whole,404426,131313,"Internet research, http://www.reimerseeds.com/, http://www.johnnyseeds.com/",18960,Cucumber,"Cucumber, var. Striped Armenian",,,
General Lee,Cucurbitaceae,whole,404426,131313,"Internet research, http://www.reimerseeds.com/, http://www.johnnyseeds.com/",18961,Cucumber,"Cucumber, var. General Lee",,,
Adam Gherkin,Cucurbitaceae,whole,404426,131313,"Internet research, http://www.reimerseeds.com/, http://www.johnnyseeds.com/",18962,Cucumber,"Cucumber, var. Adam Gherkin",,,
Olympian,Cucurbitaceae,whole,404426,131313,"Internet research, http://www.reimerseeds.com/, http://www.johnnyseeds.com/",18963,Cucumber,"Cucumber, var. Olympian",,,
Socrates,Cucurbitaceae,whole,404426,131313,"Internet research, http://www.reimerseeds.com/, http://www.johnnyseeds.com/",18964,Cucumber,"Cucumber, var. Socrates",,,
Tyria,Cucurbitaceae,whole,404426,131313,"Internet research, http://www.reimerseeds.com/, http://www.johnnyseeds.com/",18965,Cucumber,"Cucumber, var. Tyria",,,
Katrina,Cucurbitaceae,whole,404426,131313,"Internet research, http://www.reimerseeds.com/, http://www.johnnyseeds.com/",18966,Cucumber,"Cucumber, var. Katrina",,,
Vertina,Cucurbitaceae,whole,404426,131313,"Internet research, http://www.reimerseeds.com/, http://www.johnnyseeds.com/",18967,Cucumber,"Cucumber, var. Vertina",,,
Triumph,Cucurbitaceae,whole,404426,131313,"Internet research, http://www.reimerseeds.com/, http://www.johnnyseeds.com/",18968,Cucumber,"Cucumber, var. Triumph",,,
Suyo Long,Cucurbitaceae,whole,404426,131313,"Internet research, http://www.reimerseeds.com/, http://www.johnnyseeds.com/",18969,Cucumber,"Cucumber, var. Suyo Long",,,
Jackson Classic,Cucurbitaceae,whole,404426,131313,"Internet research, http://www.reimerseeds.com/, http://www.johnnyseeds.com/",18970,Cucumber,"Cucumber, var. Jackson Classic",,,
,Cucurbitaceae,whole,404426,131313,"Internet research, http://www.reimerseeds.com/, http://www.johnnyseeds.com/",18971,Cucumber,,,,
,Cucurbitaceae,whole,404426,131313,"Internet research, http://www.reimerseeds.com/, http://www.johnnyseeds.com/",18972,Cucumber,,,,
Poona keera,Cucurbitaceae,whole,404426,131313,"Internet research, http://www.reimerseeds.com/, http://www.johnnyseeds.com/",18973,Cucumber,"Cucumber, var. poona keera",,,
